Region,TotalOwner,TotalRenter,MarriedOwner,MarriedRenter,MaleOwner,MaleRenter,FemaleOwner,FemaleRenter,NonfamilyOwner,NonfamilyRenter
Alabama,69.2,30.8,85,15,62.2,37.8,50.4,49.6,56,44
Alaska,64.8,35.2,77,23,57.2,42.8,51.6,48.4,52.3,47.7
Arizona,65.3,34.7,79.9,20.1,54.6,45.4,48.2,51.8,53.1,46.9
Arkansas,65.8,34.2,81.7,18.3,55.9,44.1,45.3,54.7,52.6,47.4
California,55.3,44.7,68.3,31.7,46,54,41.5,58.5,42.1,57.9
Colorado,66.2,33.8,81.4,18.6,56.4,43.6,51.9,48.1,50.1,49.9
Connecticut,66.1,33.9,83.9,16.1,55.9,44.1,47,53,49.8,50.2
Delaware,71.4,28.6,86.2,13.8,64.8,35.2,54.9,45.1,57.8,42.2
District of Columbia,42.5,57.5,66.6,33.4,44,56,33.9,66.1,33.5,66.5
Florida,66.2,33.8,78.9,21.1,53.7,46.3,49.5,50.5,57.1,42.9
Georgia,64,36,80.5,19.5,54.2,45.8,45.3,54.7,50.4,49.6
Hawaii,60.3,39.7,68.6,31.4,55.7,44.3,53.4,46.6,49.9,50.1
Idaho,70.8,29.2,82.9,17.1,60.5,39.5,53.7,46.3,56.1,43.9
Illinois,66.3,33.7,83.7,16.3,58.4,41.6,48.5,51.5,50.5,49.5
Indiana,69.5,30.5,86.2,13.8,61.6,38.4,50.6,49.4,54,46
Iowa,71.2,28.8,88,12,64.8,35.2,51.6,48.4,54.3,45.7
Kansas,66.2,33.8,83.5,16.5,57.7,42.3,46.3,53.7,48.2,51.8
Kentucky,67.6,32.4,83,17,58.7,41.3,47.8,52.2,54.5,45.5
Louisiana,66.6,33.4,85,15,59.7,40.3,48.7,51.3,53.3,46.7
Maine,72.9,27.1,88.7,11.3,68.6,31.4,57.7,42.3,57,43
Maryland,67.1,32.9,82.7,17.3,59,41,52.1,47.9,52.3,47.7
Massachusetts,62.5,37.5,81.6,18.4,55.6,44.4,45.7,54.3,44.5,55.5
Michigan,71.7,28.3,88.1,11.9,66.6,33.4,54.3,45.7,57,43
Minnesota,71.9,28.1,88.8,11.2,67.5,32.5,53.7,46.3,53.6,46.4
Mississippi,68.8,31.2,84.6,15.4,61.9,38.1,50,50,58.2,41.8
Missouri,67.1,32.9,84.4,15.6,58.2,41.8,48,52,51.5,48.5
Montana,68.5,31.5,83.5,16.5,57.7,42.3,53.7,46.3,53.6,46.4
Nebraska,66.2,33.8,84.3,15.7,53.9,46.1,46.7,53.3,47.7,52.3
Nevada,57.1,42.9,72,28,48.9,51.1,41.2,58.8,45.8,54.2
New Hampshire,71.2,28.8,86.7,13.3,63.4,36.6,55,45,52.9,47.1
New Jersey,64,36,78.7,21.3,51.3,48.7,45.8,54.2,49.4,50.6
New Mexico,68,32,82.4,17.6,61.8,38.2,54.7,45.3,57.3,42.7
New York,54.1,45.9,72.1,27.9,47.7,52.3,38.3,61.7,39.7,60.3
North Carolina,65.7,34.3,81.8,18.2,54.8,45.2,45.9,54.1,52.4,47.6
North Dakota,62.5,37.5,82.7,17.3,55.3,44.7,46.7,53.3,42.7,57.3
Ohio,66.3,33.7,85.2,14.8,57.7,42.3,45.2,54.8,51.4,48.6
Oklahoma,66.1,33.9,81.6,18.4,57,43,46.5,53.5,52.8,47.2
Oregon,62.8,37.2,79,21,52.7,47.3,47.3,52.7,47,53
Pennsylvania,69,31,86.3,13.7,63.1,36.9,52.2,47.8,52.5,47.5
Rhode Island,61.6,38.4,81.2,18.8,57,43,44.3,55.7,45,55
South Carolina,70.1,29.9,85.2,14.8,59.4,40.6,52,48,58.3,41.7
South Dakota,68,32,85.9,14.1,60.4,39.6,47.8,52.2,49.9,50.1
Tennessee,66.5,33.5,82.7,17.3,57.1,42.9,46.9,53.1,52.5,47.5
Texas,62.3,37.7,78.1,21.9,53,47,47.1,52.9,44.8,55.2
Utah,70.5,29.5,81,19,56.7,43.3,55.8,44.2,53.2,46.8
Vermont,71.3,28.7,88.1,11.9,63.3,36.7,57.2,42.8,55.4,44.6
Virginia,66.7,33.3,81.2,18.8,57.9,42.1,48.5,51.5,52.6,47.4
Washington,63.3,36.7,79,21,53.3,46.7,48.8,51.2,46.2,53.8
West Virginia,73.7,26.3,87.3,12.7,64.9,35.1,56.1,43.9,61.7,38.3
Wisconsin,67.1,32.9,86.7,13.3,56.2,43.8,44,56,49.3,50.7
Wyoming,71,29,84.5,15.5,63.2,36.8,55.6,44.4,55.8,44.2
Puerto Rico,67.8,32.2,82.8,17.2,59.3,40.7,55.4,44.6,61.2,38.8
"Aberdeen, SD Micro Area",67.1,32.9,89.1,10.9,60.1,39.9,48.4,51.6,44.5,55.5
"Aberdeen, WA Micro Area",68.8,31.2,83.8,16.2,55.9,44.1,49.4,50.6,56,44
"Abilene, TX Metro Area",62.4,37.6,76.9,23.1,47.5,52.5,46.2,53.8,48.5,51.5
"Ada, OK Micro Area",65.2,34.8,84.8,15.2,37.2,62.8,46.9,53.1,49,51
"Adrian, MI Micro Area",77.8,22.2,89.9,10.1,71.8,28.2,58.2,41.8,65.9,34.1
"Aguadilla-Isabela, PR Metro Area",64.9,35.1,79.9,20.1,55.2,44.8,51.3,48.7,55.2,44.8
"Akron, OH Metro Area",67.3,32.7,86.4,13.6,59.6,40.4,47.2,52.8,52.6,47.4
"Alamogordo, NM Micro Area",65.9,34.1,75.8,24.2,70.5,29.5,48.5,51.5,58,42
"Albany, GA Metro Area",55.6,44.4,76.7,23.3,40.8,59.2,32.5,67.5,47.8,52.2
"Albany-Lebanon, OR Metro Area",66.4,33.6,78.1,21.9,54.3,45.7,51,49,54.7,45.3
"Albany-Schenectady-Troy, NY Metro Area",63.5,36.5,85.1,14.9,56.3,43.7,47.1,52.9,45.2,54.8
"Albemarle, NC Micro Area",74.7,25.3,87.1,12.9,59,41,50.5,49.5,65.2,34.8
"Albert Lea, MN Micro Area",77.2,22.8,91.1,8.9,73.1,26.9,50.5,49.5,66.2,33.8
"Albertville, AL Micro Area",72.9,27.1,82.6,17.4,65.3,34.7,50.1,49.9,65.1,34.9
"Albuquerque, NM Metro Area",67.4,32.6,83.5,16.5,62.4,37.6,53.6,46.4,55.4,44.6
"Alexander City, AL Micro Area",76.1,23.9,89.3,10.7,56.3,43.7,56.8,43.2,68.7,31.3
"Alexandria, LA Metro Area",65.7,34.3,83.3,16.7,59.6,40.4,43.4,56.6,55.4,44.6
"Alexandria, MN Micro Area",73.9,26.1,91.2,8.8,64.4,35.6,60.7,39.3,51.3,48.7
"Alice, TX Micro Area",70.6,29.4,78.8,21.2,61.3,38.7,56.8,43.2,66.1,33.9
"Allentown-Bethlehem-Easton, PA-NJ Metro Area",68.9,31.1,85.1,14.9,61.4,38.6,45.5,54.5,53.8,46.2
"Alma, MI Micro Area",75.9,24.1,87.8,12.2,69.6,30.4,60.1,39.9,64.2,35.8
"Alpena, MI Micro Area",78.4,21.6,91.8,8.2,83.8,16.2,62.7,37.3,66.2,33.8
"Altoona, PA Metro Area",70.3,29.7,87.5,12.5,60.8,39.2,55.3,44.7,54.9,45.1
"Altus, OK Micro Area",61.3,38.7,73.6,26.4,58,42,36,64,51.9,48.1
"Amarillo, TX Metro Area",63.4,36.6,79.1,20.9,48.3,51.7,45.1,54.9,49.3,50.7
"Americus, GA Micro Area",60.4,39.6,82.9,17.1,54,46,33.8,66.2,47.9,52.1
"Ames, IA Metro Area",59.7,40.3,86.3,13.7,54.1,45.9,55.7,44.3,35.5,64.5
"Amsterdam, NY Micro Area",67.5,32.5,85,15,61.6,38.4,45.4,54.6,55.7,44.3
"Anchorage, AK Metro Area",65.6,34.4,78.8,21.2,55.3,44.7,50.2,49.8,51.9,48.1
"Andrews, TX Micro Area",74.7,25.3,76.6,23.4,25.1,74.9,83.7,16.3,70.7,29.3
"Angola, IN Micro Area",78.7,21.3,87.1,12.9,65.5,34.5,65.9,34.1,69.7,30.3
"Ann Arbor, MI Metro Area",61.5,38.5,84.7,15.3,52.3,47.7,50.4,49.6,39.7,60.3
"Anniston-Oxford, AL Metro Area",70.4,29.6,85,15,61.5,38.5,49,51,60.9,39.1
"Appleton, WI Metro Area",73.4,26.6,89.4,10.6,63.4,36.6,52,48,51.8,48.2
"Arcadia, FL Micro Area",68.9,31.1,76.3,23.7,61.9,38.1,61.7,38.3,62.6,37.4
"Ardmore, OK Micro Area",68.4,31.6,81.9,18.1,53.1,46.9,54.2,45.8,57.9,42.1
"Arecibo, PR Metro Area",69.6,30.4,83.1,16.9,64.1,35.9,56.3,43.7,61.2,38.8
"Arkadelphia, AR Micro Area",59,41,81.6,18.4,38.7,61.3,45,55,38.6,61.4
"Asheville, NC Metro Area",68,32,82.6,17.4,64,36,51.8,48.2,53.6,46.4
"Ashland, OH Micro Area",75.2,24.8,88,12,73.3,26.7,55.1,44.9,61.4,38.6
"Ashtabula, OH Micro Area",71.5,28.5,86.7,13.3,65.1,34.9,50.1,49.9,60.7,39.3
"Astoria, OR Micro Area",60.7,39.3,76.2,23.8,64.8,35.2,59.4,40.6,43.6,56.4
"Atchison, KS Micro Area",71.4,28.6,84.6,15.4,85.9,14.1,48.7,51.3,58.7,41.3
"Athens, OH Micro Area",58.9,41.1,84.3,15.7,62,38,52.7,47.3,38.8,61.2
"Athens, TN Micro Area",74.3,25.7,85.7,14.3,81.2,18.8,59.4,40.6,61.8,38.2
"Athens, TX Micro Area",76.2,23.8,83.6,16.4,74.3,25.7,64.5,35.5,68.2,31.8
"Athens-Clarke County, GA Metro Area",54.6,45.4,77.6,22.4,56.6,43.4,42.9,57.1,34.6,65.4
"Atlanta-Sandy Springs-Alpharetta, GA Metro Area",64.2,35.8,81,19,54.1,45.9,46.9,53.1,48.9,51.1
"Atlantic City-Hammonton, NJ Metro Area",66.9,33.1,82.4,17.6,57.6,42.4,48.9,51.1,55.6,44.4
"Atmore, AL Micro Area",66.5,33.5,82.4,17.6,53.3,46.7,39.8,60.2,59.4,40.6
"Auburn, IN Micro Area",79.2,20.8,92.1,7.9,71.3,28.7,59.7,40.3,63.9,36.1
"Auburn, NY Micro Area",70.9,29.1,90.1,9.9,76.9,23.1,50.7,49.3,54.3,45.7
"Auburn-Opelika, AL Metro Area",63.4,36.6,85.1,14.9,58.7,41.3,51.2,48.8,41.3,58.7
"Augusta-Richmond County, GA-SC Metro Area",67.5,32.5,83.9,16.1,59.3,40.7,45.4,54.6,56.5,43.5
"Augusta-Waterville, ME Micro Area",70.7,29.3,89.6,10.4,59.8,40.2,55.7,44.3,53.7,46.3
"Austin, MN Micro Area",72.3,27.7,88.5,11.5,60.9,39.1,47.4,52.6,57.7,42.3
"Austin-Round Rock-Georgetown, TX Metro Area",58.6,41.4,77.5,22.5,49.5,50.5,46.8,53.2,38.5,61.5
"Bainbridge, GA Micro Area",61.3,38.7,77.9,22.1,54.1,45.9,41.9,58.1,50.8,49.2
"Bakersfield, CA Metro Area",58.9,41.1,70.2,29.8,52.2,47.8,38.8,61.2,51.3,48.7
"Baltimore-Columbia-Towson, MD Metro Area",66.6,33.4,84.1,15.9,62.6,37.4,51.2,48.8,50.7,49.3
"Bangor, ME Metro Area",70.1,29.9,87.1,12.9,76.9,23.1,53.2,46.8,53.7,46.3
"Baraboo, WI Micro Area",70,30,86,14,58.8,41.2,50.5,49.5,53.3,46.7
"Bardstown, KY Micro Area",78.1,21.9,87.9,12.1,78.9,21.1,63.7,36.3,66.2,33.8
"Barnstable Town, MA Metro Area",79.6,20.4,89.6,10.4,68.6,31.4,66.3,33.7,70.3,29.7
"Barre, VT Micro Area",70.3,29.7,87.5,12.5,52.4,47.6,59.6,40.4,56.4,43.6
"Bartlesville, OK Micro Area",71.2,28.8,83.2,16.8,54.8,45.2,50.3,49.7,63,37
"Batavia, NY Micro Area",72.4,27.6,90.3,9.7,62.5,37.5,54.4,45.6,55.7,44.3
"Batesville, AR Micro Area",74.7,25.3,85.4,14.6,65.3,34.7,51.4,48.6,66.4,33.6
"Baton Rouge, LA Metro Area",69.7,30.3,88.2,11.8,58,42,54.9,45.1,53.8,46.2
"Battle Creek, MI Metro Area",69.5,30.5,87.4,12.6,72.5,27.5,54.3,45.7,54.6,45.4
"Bay City, MI Metro Area",76.1,23.9,91,9,75.1,24.9,55.7,44.3,65.1,34.9
"Bay City, TX Micro Area",70.5,29.5,84.2,15.8,71.5,28.5,45,55,58.6,41.4
"Beatrice, NE Micro Area",68,32,86.3,13.7,92.2,7.8,39.7,60.3,48.4,51.6
"Beaumont-Port Arthur, TX Metro Area",67.1,32.9,83.5,16.5,58.7,41.3,47.8,52.2,53.5,46.5
"Beaver Dam, WI Micro Area",69.3,30.7,85.6,14.4,55.8,44.2,49.7,50.3,52.8,47.2
"Beckley, WV Metro Area",75.7,24.3,88.7,11.3,73.3,26.7,52.5,47.5,64.9,35.1
"Bedford, IN Micro Area",79.7,20.3,90.4,9.6,64.3,35.7,66.6,33.4,68.6,31.4
"Beeville, TX Micro Area",64.7,35.3,81.6,18.4,52.3,47.7,39.6,60.4,54.3,45.7
"Bellefontaine, OH Micro Area",76,24,87.6,12.4,62.3,37.7,52.9,47.1,63.6,36.4
"Bellingham, WA Metro Area",62.2,37.8,82.4,17.6,54.4,45.6,43.6,56.4,42,58
"Bemidji, MN Micro Area",67.8,32.2,88.9,11.1,66.8,33.2,53.1,46.9,51.1,48.9
"Bend, OR Metro Area",67.9,32.1,81.9,18.1,55.4,44.6,51,49,51.5,48.5
"Bennettsville, SC Micro Area",64.2,35.8,79.6,20.4,66.3,33.7,57.5,42.5,53.5,46.5
"Bennington, VT Micro Area",73.4,26.6,90.3,9.7,65.2,34.8,64.1,35.9,55.7,44.3
"Berlin, NH Micro Area",72.2,27.8,89.6,10.4,63.1,36.9,56.9,43.1,55.7,44.3
"Big Rapids, MI Micro Area",74.5,25.5,89.1,10.9,70.3,29.7,64.7,35.3,60.5,39.5
"Big Spring, TX Micro Area",66.4,33.6,82.5,17.5,49.3,50.7,51.2,48.8,53.9,46.1
"Big Stone Gap, VA Micro Area",66.9,33.1,83.9,16.1,63.1,36.9,39.3,60.7,55.2,44.8
"Billings, MT Metro Area",69.8,30.2,85,15,55.1,44.9,52.9,47.1,55.3,44.7
"Binghamton, NY Metro Area",67.7,32.3,88.1,11.9,61.8,38.2,51.8,48.2,50.1,49.9
"Birmingham-Hoover, AL Metro Area",69.2,30.8,85.6,14.4,63.8,36.2,51.2,48.8,54.5,45.5
"Bismarck, ND Metro Area",70.4,29.6,89.5,10.5,64.7,35.3,42.8,57.2,50.3,49.7
"Blackfoot, ID Micro Area",78.2,21.8,87.3,12.7,62.4,37.6,55.9,44.1,70.6,29.4
"Blacksburg-Christiansburg, VA Metro Area",60.3,39.7,80.1,19.9,68.6,31.4,51.3,48.7,40.9,59.1
"Bloomington, IL Metro Area",64.9,35.1,86.1,13.9,55.5,44.5,52.3,47.7,43.8,56.2
"Bloomington, IN Metro Area",58.3,41.7,83.5,16.5,41.1,58.9,54.2,45.8,37.7,62.3
"Bloomsburg-Berwick, PA Metro Area",68.4,31.6,87.6,12.4,63.1,36.9,54.5,45.5,49.9,50.1
"Bluefield, WV-VA Micro Area",71.8,28.2,81.8,18.2,62.5,37.5,54.9,45.1,65.9,34.1
"Bluffton, IN Micro Area",77.4,22.6,88.9,11.1,90.2,9.8,55.3,44.7,60.7,39.3
"Blytheville, AR Micro Area",57.6,42.4,81.9,18.1,49.6,50.4,26.6,73.4,47.5,52.5
"Bogalusa, LA Micro Area",71.1,28.9,89.2,10.8,66.3,33.7,43.9,56.1,62.2,37.8
"Boise City, ID Metro Area",71,29,84,16,62.5,37.5,55.2,44.8,55.6,44.4
"Bonham, TX Micro Area",74.3,25.7,85,15,56.5,43.5,53.5,46.5,64.6,35.4
"Boone, NC Micro Area",60.9,39.1,86,14,62.5,37.5,49.5,50.5,39.2,60.8
"Borger, TX Micro Area",80,20,89.5,10.5,81.6,18.4,70.8,29.2,66.3,33.7
"Boston-Cambridge-Newton, MA-NH Metro Area",61.7,38.3,80.8,19.2,54.5,45.5,46.1,53.9,42.4,57.6
"Boulder, CO Metro Area",63.6,36.4,82,18,56.8,43.2,55.8,44.2,45.4,54.6
"Bowling Green, KY Metro Area",62.7,37.3,80.8,19.2,47.8,52.2,41.7,58.3,48.5,51.5
"Bozeman, MT Micro Area",61.1,38.9,81.2,18.8,50.3,49.7,48.8,51.2,40.5,59.5
"Bradford, PA Micro Area",74.4,25.6,87.9,12.1,62.8,37.2,63.2,36.8,61.2,38.8
"Brainerd, MN Micro Area",77.7,22.3,91.8,8.2,71.5,28.5,52.4,47.6,64.1,35.9
"Branson, MO Micro Area",65.5,34.5,78.1,21.9,55.6,44.4,47.3,52.7,52.4,47.6
"Breckenridge, CO Micro Area",68.8,31.2,77.7,22.3,52.4,47.6,38.3,61.7,61.8,38.2
"Bremerton-Silverdale-Port Orchard, WA Metro Area",68.1,31.9,80.1,19.9,61.1,38.9,53,47,53.9,46.1
"Brenham, TX Micro Area",73.7,26.3,82.5,17.5,73.7,26.3,69.3,30.7,61.8,38.2
"Brevard, NC Micro Area",75.6,24.4,87.1,12.9,65.8,34.2,51.7,48.3,67.2,32.8
"Bridgeport-Stamford-Norwalk, CT Metro Area",66.7,33.3,81.4,18.6,53.8,46.2,47.9,52.1,50.3,49.7
"Brookhaven, MS Micro Area",75.9,24.1,86.9,13.1,65.5,34.5,54.8,45.2,69.8,30.2
"Brookings, OR Micro Area",73.4,26.6,80.7,19.3,61.2,38.8,47.7,52.3,70,30
"Brookings, SD Micro Area",58.9,41.1,81.6,18.4,46.9,53.1,48.5,51.5,40.1,59.9
"Brownsville, TN Micro Area",58.9,41.1,76.9,23.1,68.2,31.8,44.4,55.6,45.4,54.6
"Brownsville-Harlingen, TX Metro Area",66.2,33.8,76.5,23.5,59,41,51.1,48.9,58.6,41.4
"Brownwood, TX Micro Area",71.5,28.5,83.4,16.6,76.9,23.1,61.7,38.3,55.4,44.6
"Brunswick, GA Metro Area",69.3,30.7,83,17,56.9,43.1,50,50,59.8,40.2
"Bucyrus-Galion, OH Micro Area",70,30,84.1,15.9,55.7,44.3,50.7,49.3,59.2,40.8
"Buffalo-Cheektowaga, NY Metro Area",66.1,33.9,87.3,12.7,60.3,39.7,49.1,50.9,50.7,49.3
"Burley, ID Micro Area",70,30,79.6,20.4,56.1,43.9,47.7,52.3,58.8,41.2
"Burlington, IA-IL Micro Area",71.7,28.3,89.9,10.1,52.1,47.9,42.6,57.4,62.3,37.7
"Burlington, NC Metro Area",66.5,33.5,83.8,16.2,46.9,53.1,47.8,52.2,53.8,46.2
"Burlington-South Burlington, VT Metro Area",66.8,33.2,87,13,59.2,40.8,53.3,46.7,46.7,53.3
"Butte-Silver Bow, MT Micro Area",69.6,30.4,85.3,14.7,76.4,23.6,50.9,49.1,58,42
"Cadillac, MI Micro Area",79,21,90.2,9.8,66.5,33.5,63.1,36.9,68.1,31.9
"Calhoun, GA Micro Area",66.7,33.3,74.5,25.5,39.2,60.8,61.3,38.7,59.2,40.8
"California-Lexington Park, MD Metro Area",70.3,29.7,84,16,61,39,49.5,50.5,55.6,44.4
"Cambridge, MD Micro Area",67.5,32.5,85.2,14.8,52,48,42.8,57.2,58.7,41.3
"Cambridge, OH Micro Area",71.4,28.6,84.4,15.6,68.9,31.1,54.1,45.9,60.9,39.1
"Camden, AR Micro Area",72.9,27.1,90.3,9.7,63.5,36.5,48.2,51.8,64.7,35.3
"Campbellsville, KY Micro Area",66.3,33.7,80,20,55,45,46,54,54.2,45.8
"Cañon City, CO Micro Area",75.7,24.3,87.6,12.4,65.7,34.3,55.6,44.4,63.4,36.6
"Canton-Massillon, OH Metro Area",68.8,31.2,87.6,12.4,58.8,41.2,44.2,55.8,54.1,45.9
"Cape Coral-Fort Myers, FL Metro Area",72.7,27.3,82.3,17.7,57.1,42.9,49.9,50.1,66.3,33.7
"Cape Girardeau, MO-IL Metro Area",68.5,31.5,85.8,14.2,76.6,23.4,45.9,54.1,50.8,49.2
"Carbondale-Marion, IL Metro Area",62.8,37.2,87.1,12.9,55.1,44.9,51.4,48.6,42.6,57.4
"Carlsbad-Artesia, NM Micro Area",70,30,83.7,16.3,45.7,54.3,51.5,48.5,61.7,38.3
"Carroll, IA Micro Area",76.2,23.8,93.5,6.5,79.6,20.4,53.7,46.3,57.4,42.6
"Carson City, NV Metro Area",58.2,41.8,75.2,24.8,45.9,54.1,30.5,69.5,50.4,49.6
"Casper, WY Metro Area",70.6,29.4,85.7,14.3,60.4,39.6,52.9,47.1,57.4,42.6
"Cedar City, UT Micro Area",65.2,34.8,76.6,23.4,30.5,69.5,41.5,58.5,52.3,47.7
"Cedar Rapids, IA Metro Area",75.3,24.7,91.3,8.7,67.2,32.8,57.7,42.3,59,41
"Cedartown, GA Micro Area",64.8,35.2,77.3,22.7,58.8,41.2,39.1,60.9,58.8,41.2
"Celina, OH Micro Area",79.3,20.7,91.5,8.5,62.9,37.1,49.6,50.4,65.5,34.5
"Central City, KY Micro Area",81.1,18.9,88.9,11.1,85.2,14.8,53.9,46.1,73.8,26.2
"Centralia, IL Micro Area",74.6,25.4,89.1,10.9,55,45,51.4,48.6,67,33
"Centralia, WA Micro Area",70.4,29.6,84.6,15.4,59.4,40.6,49.2,50.8,57.5,42.5
"Chambersburg-Waynesboro, PA Metro Area",70.9,29.1,84.1,15.9,53.5,46.5,51.4,48.6,55.6,44.4
"Champaign-Urbana, IL Metro Area",55.3,44.7,83.8,16.2,53.7,46.3,36.3,63.7,35.2,64.8
"Charleston, WV Metro Area",72.5,27.5,86.7,13.3,64.9,35.1,53.8,46.2,61.7,38.3
"Charleston-Mattoon, IL Micro Area",63.6,36.4,84.4,15.6,58.7,41.3,42.7,57.3,47.2,52.8
"Charleston-North Charleston, SC Metro Area",66.8,33.2,82.5,17.5,60,40,51.1,48.9,52.7,47.3
"Charlotte-Concord-Gastonia, NC-SC Metro Area",66,34,82.3,17.7,52.9,47.1,47.2,52.8,51.1,48.9
"Charlottesville, VA Metro Area",63.8,36.2,81.3,18.7,52.7,47.3,47.4,52.6,46.8,53.2
"Chattanooga, TN-GA Metro Area",67.4,32.6,83.1,16.9,59.2,40.8,50.5,49.5,52.6,47.4
"Cheyenne, WY Metro Area",72.6,27.4,83.8,16.2,69.1,30.9,60.1,39.9,59.5,40.5
"Chicago-Naperville-Elgin, IL-IN-WI Metro Area",64.8,35.2,82.2,17.8,56.6,43.4,48.1,51.9,48.7,51.3
"Chico, CA Metro Area",59.5,40.5,77.9,22.1,45.8,54.2,40.5,59.5,46.8,53.2
"Chillicothe, OH Micro Area",71.1,28.9,85.9,14.1,68.1,31.9,53.2,46.8,57.2,42.8
"Cincinnati, OH-KY-IN Metro Area",67.1,32.9,86.5,13.5,59.7,40.3,45.3,54.7,49.3,50.7
"Clarksburg, WV Micro Area",75.9,24.1,88.1,11.9,71.8,28.2,62.6,37.4,63.6,36.4
"Clarksdale, MS Micro Area",55.3,44.7,75.2,24.8,52.8,47.2,39.6,60.4,52.3,47.7
"Clarksville, TN-KY Metro Area",59.3,40.7,71.2,28.8,52.8,47.2,39.9,60.1,48.9,51.1
"Clearlake, CA Micro Area",67.7,32.3,78.5,21.5,55.2,44.8,48.1,51.9,63.7,36.3
"Cleveland, MS Micro Area",56,44,78.2,21.8,56.9,43.1,30.6,69.4,49.9,50.1
"Cleveland, TN Metro Area",68,32,81.9,18.1,57.1,42.9,46.8,53.2,54.3,45.7
"Cleveland-Elyria, OH Metro Area",64.6,35.4,85.7,14.3,58.5,41.5,45.7,54.3,50.3,49.7
"Clewiston, FL Micro Area",70.3,29.7,78.6,21.4,56.3,43.7,59.2,40.8,68.7,31.3
"Clinton, IA Micro Area",74.1,25.9,91.1,8.9,83.7,16.3,52.7,47.3,58.5,41.5
"Clovis, NM Micro Area",56.4,43.6,72.8,27.2,56.1,43.9,30.2,69.8,46.5,53.5
"Coamo, PR Micro Area",76.6,23.4,88.9,11.1,67.3,32.7,75.5,24.5,65.7,34.3
"Coco, PR Micro Area",78.9,21.1,93.1,6.9,60,40,71.4,28.6,75.6,24.4
"Coeur d'Alene, ID Metro Area",71.3,28.7,83.8,16.2,54.2,45.8,48.7,51.3,56.9,43.1
"Coffeyville, KS Micro Area",69.5,30.5,86.9,13.1,70.5,29.5,51.2,48.8,54.4,45.6
"Coldwater, MI Micro Area",75.8,24.2,88.2,11.8,64.3,35.7,55.1,44.9,66.5,33.5
"College Station-Bryan, TX Metro Area",51.1,48.9,76,24,44.6,55.4,41.2,58.8,29.9,70.1
"Colorado Springs, CO Metro Area",65.8,34.2,78.8,21.2,53.1,46.9,50.8,49.2,50.4,49.6
"Columbia, MO Metro Area",58.4,41.6,82.4,17.6,41.8,58.2,47.6,52.4,36.4,63.6
"Columbia, SC Metro Area",68.4,31.6,85.9,14.1,58.8,41.2,51.3,48.7,55.4,44.6
"Columbus, GA-AL Metro Area",56.7,43.3,72.9,27.1,52.4,47.6,39,61,46.5,53.5
"Columbus, IN Metro Area",70.9,29.1,85.4,14.6,62.6,37.4,54.3,45.7,55.9,44.1
"Columbus, MS Micro Area",62.2,37.8,81.8,18.2,44.3,55.7,35.8,64.2,50.8,49.2
"Columbus, NE Micro Area",71.8,28.2,85.7,14.3,75.9,24.1,55.6,44.4,53.9,46.1
"Columbus, OH Metro Area",61.8,38.2,81.2,18.8,52.6,47.4,42.4,57.6,45.1,54.9
"Concord, NH Micro Area",72.5,27.5,87,13,71.9,28.1,56.6,43.4,52.1,47.9
"Connersville, IN Micro Area",69,31,83.4,16.6,52,48,50.1,49.9,58.9,41.1
"Cookeville, TN Micro Area",67,33,82.7,17.3,62.6,37.4,52.4,47.6,52.2,47.8
"Coos Bay, OR Micro Area",68.3,31.7,82.9,17.1,61.6,38.4,42.4,57.6,58.9,41.1
"Cordele, GA Micro Area",56.8,43.2,77.5,22.5,67.4,32.6,38,62,43.5,56.5
"Corinth, MS Micro Area",66.8,33.2,85.3,14.7,61.7,38.3,46,54,53.6,46.4
"Cornelia, GA Micro Area",79.8,20.2,86.2,13.8,77.8,22.2,67,33,71.9,28.1
"Corning, NY Micro Area",73,27,88.3,11.7,63.5,36.5,54.8,45.2,59,41
"Corpus Christi, TX Metro Area",60.1,39.9,75.7,24.3,50.8,49.2,45.4,54.6,46.9,53.1
"Corsicana, TX Micro Area",69.6,30.4,83.5,16.5,58.3,41.7,52.5,47.5,52.6,47.4
"Cortland, NY Micro Area",66.2,33.8,86.3,13.7,57.5,42.5,51.4,48.6,46.4,53.6
"Corvallis, OR Metro Area",56.8,43.2,80,20,48.5,51.5,52.1,47.9,33,67
"Coshocton, OH Micro Area",74.4,25.6,87.4,12.6,54.6,45.4,47.3,52.7,64.5,35.5
"Craig, CO Micro Area",63.9,36.1,84.8,15.2,94.5,5.5,54.6,45.4,35.6,64.4
"Crawfordsville, IN Micro Area",74.5,25.5,88.9,11.1,64.8,35.2,44.6,55.4,61.8,38.2
"Crescent City, CA Micro Area",68.4,31.6,84,16,60.3,39.7,48.8,51.2,57.2,42.8
"Crestview-Fort Walton Beach-Destin, FL Metro Area",68.6,31.4,80.7,19.3,62,38,46.2,53.8,57.2,42.8
"Crossville, TN Micro Area",79.1,20.9,89,11,60.7,39.3,53.6,46.4,71,29
"Cullman, AL Micro Area",74.8,25.2,86,14,64.2,35.8,57.9,42.1,62.5,37.5
"Cullowhee, NC Micro Area",66.5,33.5,83.2,16.8,63.8,36.3,53.8,46.2,51.3,48.7
"Cumberland, MD-WV Metro Area",71.7,28.3,90.2,9.8,62.5,37.5,49.2,50.8,56.8,43.2
"Dallas-Fort Worth-Arlington, TX Metro Area",59.7,40.3,76.9,23.1,49.6,50.4,43.3,56.7,39.7,60.3
"Dalton, GA Metro Area",67.2,32.8,76.9,23.1,54.7,45.3,53.2,46.8,58.4,41.6
"Danville, IL Metro Area",70.8,29.2,87.6,12.4,56.9,43.1,52.6,47.4,61.4,38.6
"Danville, KY Micro Area",73.3,26.7,85.3,14.7,67.4,32.6,48.6,51.4,64,36
"Danville, VA Micro Area",65.3,34.7,82.5,17.5,53.7,46.3,41.4,58.6,56.9,43.1
"Daphne-Fairhope-Foley, AL Metro Area",77,23,87.4,12.6,66,34,62.6,37.4,64.5,35.5
"Davenport-Moline-Rock Island, IA-IL Metro Area",70.7,29.3,88.1,11.9,65.7,34.3,46.4,53.6,55.9,44.1
"Dayton, TN Micro Area",73.7,26.3,84.6,15.4,84.9,15.1,59.3,40.7,61.8,38.2
"Dayton-Kettering, OH Metro Area",63.6,36.4,83.1,16.9,52.4,47.6,42.6,57.4,50.1,49.9
"Decatur, AL Metro Area",73.5,26.5,86.8,13.2,71.3,28.7,46.7,53.3,62.4,37.6
"Decatur, IL Metro Area",69.1,30.9,88,12,71,29,40.9,59.1,56.3,43.7
"Decatur, IN Micro Area",77.8,22.2,92,8,67.8,32.2,55.9,44.1,60.8,39.2
"Defiance, OH Micro Area",77.5,22.5,93.1,6.9,71.8,28.2,51.3,48.7,60.1,39.9
"Del Rio, TX Micro Area",64.8,35.2,76.8,23.2,37.2,62.8,55.8,44.2,51,49
"Deltona-Daytona Beach-Ormond Beach, FL Metro Area",72.1,27.9,82.7,17.3,56.5,43.5,55.7,44.3,65,35
"Deming, NM Micro Area",62.3,37.7,77.8,22.2,47.8,52.2,39.8,60.2,54.8,45.2
"Denver-Aurora-Lakewood, CO Metro Area",64.8,35.2,81.1,18.9,56.5,43.5,51.5,48.5,48,52
"DeRidder, LA Micro Area",79.4,20.6,90.5,9.5,65.5,34.5,61.9,38.1,71.3,28.7
"Des Moines-West Des Moines, IA Metro Area",69.6,30.4,86.9,13.1,67.6,32.4,52.7,47.3,51.6,48.4
"Detroit-Warren-Dearborn, MI Metro Area",69.5,30.5,86.4,13.6,64.9,35.1,52.6,47.4,55.9,44.1
"Dickinson, ND Micro Area",63.7,36.3,82.6,17.4,60.2,39.8,49.9,50.1,42.5,57.5
"Dixon, IL Micro Area",69.6,30.4,87.9,12.1,62.7,37.3,59.7,40.3,51.9,48.1
"Dodge City, KS Micro Area",63.1,36.9,77.6,22.4,54.2,45.8,44.8,55.2,46.3,53.7
"Dothan, AL Metro Area",69.7,30.3,85,15,54,46,41.8,58.2,60.2,39.8
"Douglas, GA Micro Area",66.1,33.9,78.2,21.8,63.8,36.2,44.2,55.8,58.4,41.6
"Dover, DE Metro Area",68.8,31.2,83.1,16.9,59.2,40.8,52.5,47.5,58,42
"Dublin, GA Micro Area",64.2,35.8,80.8,19.2,53,47,40.2,59.8,56.9,43.1
"DuBois, PA Micro Area",77.4,22.6,89.5,10.5,68.9,31.1,57.6,42.4,67,33
"Dubuque, IA Metro Area",73.4,26.6,91.5,8.5,64.9,35.1,52.7,47.3,52.5,47.5
"Duluth, MN-WI Metro Area",72.3,27.7,91.6,8.4,73.2,26.8,55.7,44.3,54.8,45.2
"Dumas, TX Micro Area",65.8,34.2,75.2,24.8,37.7,62.3,66.3,33.7,49.5,50.5
"Duncan, OK Micro Area",74.4,25.6,86,14,61.7,38.3,58.6,41.4,62.6,37.4
"Durango, CO Micro Area",71,29,83.9,16.1,40.9,59.1,48.1,51.9,60.1,39.9
"Durant, OK Micro Area",62.7,37.3,77.3,22.7,45.3,54.7,48.9,51.1,50.2,49.8
"Durham-Chapel Hill, NC Metro Area",62.9,37.1,83.1,16.9,46.1,53.9,45.7,54.3,46.5,53.5
"Dyersburg, TN Micro Area",62.3,37.7,79.5,20.5,53.8,46.2,36.8,63.2,52.6,47.4
"Eagle Pass, TX Micro Area",66.4,33.6,77.4,22.6,70.8,29.2,48.2,51.8,51.4,48.6
"Easton, MD Micro Area",71.2,28.8,86.9,13.1,62.1,37.9,51.1,48.9,57.2,42.8
"East Stroudsburg, PA Metro Area",77.1,22.9,87.9,12.1,67.9,32.1,60.6,39.4,65.2,34.8
"Eau Claire, WI Metro Area",67.7,32.3,87.9,12.1,53.7,46.3,43.8,56.2,47.9,52.1
"Edwards, CO Micro Area",69.7,30.3,80.1,19.9,72,28,43,57,58.5,41.5
"Effingham, IL Micro Area",76.7,23.3,89.5,10.5,62.6,37.4,56,44,64.3,35.7
"El Campo, TX Micro Area",66.3,33.7,83,17,60.5,39.5,45.3,54.7,51.1,48.9
"El Centro, CA Metro Area",58.1,41.9,68.7,31.3,52.2,47.8,40.7,59.3,52.5,47.5
"El Dorado, AR Micro Area",74.4,25.6,85.5,14.5,71.8,28.2,51.8,48.2,71.3,28.7
"Elizabeth City, NC Micro Area",66.4,33.6,80.1,19.9,55.1,44.9,38.7,61.3,57.3,42.7
"Elizabethtown-Fort Knox, KY Metro Area",65,35,79.3,20.7,51.7,48.3,48.1,51.9,50.3,49.7
"Elk City, OK Micro Area",67.1,32.9,80.2,19.8,72.4,27.6,57.8,42.2,52.5,47.5
"Elkhart-Goshen, IN Metro Area",70.4,29.6,85.4,14.6,50.9,49.1,52.7,47.3,55.2,44.8
"Elkins, WV Micro Area",71.2,28.8,86.4,13.6,77.3,22.7,54.9,45.1,56.8,43.2
"Elko, NV Micro Area",69.3,30.7,83.2,16.8,54.6,45.4,50.2,49.8,52.9,47.1
"Ellensburg, WA Micro Area",59.8,40.2,84.6,15.4,62.1,37.9,55,45,34.7,65.3
"Elmira, NY Metro Area",67.2,32.8,86.2,13.8,60.7,39.3,40.1,59.9,55.4,44.6
"El Paso, TX Metro Area",62.3,37.7,73.6,26.4,62.8,37.2,52.9,47.1,49.2,50.8
"Emporia, KS Micro Area",59.3,40.7,87.2,12.8,36.5,63.5,51.3,48.7,33,67
"Enid, OK Metro Area",65.4,34.6,77.8,22.2,55.5,44.5,40.7,59.3,56.6,43.4
"Enterprise, AL Micro Area",67.8,32.2,79.8,20.2,55,45,44.2,55.8,60.8,39.2
"Erie, PA Metro Area",67,33,87.4,12.6,60.2,39.8,48.4,51.6,50.5,49.5
"Escanaba, MI Micro Area",77.6,22.4,92.8,7.2,64.4,35.6,61.1,38.9,61.6,38.4
"Española, NM Micro Area",76.7,23.3,89.1,10.9,78.5,21.5,73.3,26.7,65.4,34.6
"Eufaula, AL-GA Micro Area",63.5,36.5,79,21,77.7,22.3,39.9,60.1,56.8,43.2
"Eugene-Springfield, OR Metro Area",59.1,40.9,78.5,21.5,52.3,47.7,43.7,56.3,43.5,56.5
"Eureka-Arcata, CA Micro Area",56.8,43.2,78.5,21.5,50.6,49.4,44.2,55.8,43.1,56.9
"Evanston, WY Micro Area",77,23,90.4,9.6,59.1,40.9,63.2,36.8,57,43
"Evansville, IN-KY Metro Area",69,31,85.3,14.7,54.7,45.3,51.1,48.9,54.8,45.2
"Fairbanks, AK Metro Area",58.9,41.1,68.2,31.8,62.3,37.7,41.7,58.3,47.9,52.1
"Fairfield, IA Micro Area",69.6,30.4,83.1,16.9,55,45,70.1,29.9,56.9,43.1
"Fairmont, MN Micro Area",73.5,26.5,89.6,10.4,61.3,38.7,55.4,44.6,57.6,42.4
"Fairmont, WV Micro Area",74.4,25.6,89.8,10.2,60.2,39.8,60.4,39.6,59.1,40.9
"Fallon, NV Micro Area",68.6,31.4,84.2,15.8,60.5,39.5,45.6,54.4,55,45
"Fargo, ND-MN Metro Area",55.9,44.1,80.1,19.9,48.5,51.5,44.4,55.6,32.2,67.8
"Faribault-Northfield, MN Micro Area",74.4,25.6,90.1,9.9,73.3,26.7,52.9,47.1,53.8,46.2
"Farmington, MO Micro Area",67.9,32.1,82.2,17.8,58.4,41.6,46.8,53.2,55.8,44.2
"Farmington, NM Metro Area",70.8,29.2,81.8,18.2,66.9,33.1,55.3,44.7,62.2,37.8
"Fayetteville, NC Metro Area",56.6,43.4,71.4,28.6,43.6,56.4,40.2,59.8,47.2,52.8
"Fayetteville-Springdale-Rogers, AR Metro Area",60.7,39.3,76.5,23.5,43.7,56.3,41.1,58.9,43.1,56.9
"Fergus Falls, MN Micro Area",79.7,20.3,93.9,6.1,78.1,21.9,45.3,54.7,63.1,36.9
"Fernley, NV Micro Area",73,27,80,20,57.8,42.2,53.1,46.9,70.2,29.8
"Findlay, OH Micro Area",68.4,31.6,87.6,12.4,63.8,36.2,53.1,46.9,50.2,49.8
"Fitzgerald, GA Micro Area",57.6,42.4,78.6,21.4,41.2,58.8,41.3,58.7,48.1,51.9
"Flagstaff, AZ Metro Area",60.8,39.2,80.3,19.7,54.7,45.3,56.5,43.5,42.7,57.3
"Flint, MI Metro Area",70,30,88.5,11.5,65.7,34.3,52.3,47.7,57.1,42.9
"Florence, SC Metro Area",67,33,84.4,15.6,61.6,38.4,47,53,57.6,42.4
"Florence-Muscle Shoals, AL Metro Area",69.3,30.7,85.4,14.6,63.3,36.7,52.3,47.7,54.4,45.6
"Fond du Lac, WI Metro Area",70.6,29.4,88.4,11.6,53,47,44.4,55.6,49.7,50.3
"Forest City, NC Micro Area",71.6,28.4,85.3,14.7,63.2,36.8,48.2,51.8,63.8,36.2
"Forrest City, AR Micro Area",54.8,45.2,64.2,35.8,62.5,37.5,40.1,59.9,53.2,46.8
"Fort Collins, CO Metro Area",66.3,33.7,84.5,15.5,50.2,49.8,51.7,48.3,45.7,54.3
"Fort Dodge, IA Micro Area",68.3,31.7,88.8,11.2,65.4,34.6,45.7,54.3,54.1,45.9
"Fort Leonard Wood, MO Micro Area",52.3,47.7,59.6,40.4,43,57,41.5,58.5,43.6,56.4
"Fort Madison-Keokuk, IA-IL-MO Micro Area",76.6,23.4,89.3,10.7,76,24,56.4,43.6,62.2,37.8
"Fort Morgan, CO Micro Area",62.9,37.1,72.2,27.8,60.3,39.7,48.6,51.4,52.5,47.5
"Fort Payne, AL Micro Area",73.1,26.9,84.1,15.9,62.5,37.5,55.1,44.9,58.9,41.1
"Fort Polk South, LA Micro Area",52.7,47.3,58.8,41.2,59.4,40.6,44.2,55.8,44.2,55.8
"Fort Smith, AR-OK Metro Area",66.2,33.8,80.7,19.3,55.8,44.2,47,53,53.5,46.5
"Fort Wayne, IN Metro Area",69.7,30.3,86.6,13.4,65,35,53.5,46.5,53.9,46.1
"Frankfort, IN Micro Area",70.1,29.9,86.1,13.9,59.4,40.6,52.1,47.9,54.2,45.8
"Frankfort, KY Micro Area",66.2,33.8,85,15,58.7,41.3,42.1,57.9,53.1,46.9
"Fredericksburg, TX Micro Area",71.4,28.6,84.8,15.2,50.3,49.7,43.8,56.2,56.5,43.5
"Freeport, IL Micro Area",69.9,30.1,89.4,10.6,55.1,44.9,48.3,51.7,54,46
"Fremont, NE Micro Area",62.2,37.8,78.2,21.8,41.4,58.6,46.5,53.5,46.2,53.8
"Fremont, OH Micro Area",71.5,28.5,86.7,13.3,54.4,45.6,54,46,58.9,41.1
"Fresno, CA Metro Area",53.7,46.3,67.6,32.4,43.8,56.2,36.2,63.8,43.4,56.6
"Gadsden, AL Metro Area",73,27,86.8,13.2,67.2,32.8,48,52,65.8,34.2
"Gaffney, SC Micro Area",70.9,29.1,82.4,17.6,64,36,61.3,38.7,63.4,36.6
"Gainesville, FL Metro Area",59.5,40.5,81.4,18.6,57,43,49.7,50.3,44.1,55.9
"Gainesville, GA Metro Area",68.9,31.1,80.4,19.6,60.3,39.7,47.6,52.4,55.8,44.2
"Gainesville, TX Micro Area",70,30,83.3,16.7,59.2,40.8,40.7,59.3,57.2,42.8
"Galesburg, IL Micro Area",66.5,33.5,85.8,14.2,53.9,46.1,47,53,53.8,46.2
"Gallup, NM Micro Area",68,32,74.8,25.2,68.2,31.8,67.1,32.9,60.4,39.6
"Garden City, KS Micro Area",65.1,34.9,77.6,22.4,48.5,51.5,52.3,47.7,52.3,47.7
"Gardnerville Ranchos, NV Micro Area",74.5,25.5,84.5,15.5,67.5,32.5,58.2,41.8,61,39
"Georgetown, SC Micro Area",79.8,20.2,87.4,12.6,72.7,27.3,63.3,36.7,76.1,23.9
"Gettysburg, PA Metro Area",77.8,22.2,86.3,13.7,80.1,19.9,59.6,40.4,66.3,33.7
"Gillette, WY Micro Area",76.3,23.7,85.8,14.2,75,25,45.7,54.3,63.9,36.1
"Glasgow, KY Micro Area",68,32,83.8,16.2,53.6,46.4,39.6,60.4,57.1,42.9
"Glens Falls, NY Metro Area",71.6,28.4,87.3,12.7,71.4,28.6,54.6,45.4,57.9,42.1
"Glenwood Springs, CO Micro Area",67.5,32.5,78.3,21.7,53.2,46.8,54.4,45.6,54.9,45.1
"Gloversville, NY Micro Area",69.7,30.3,84.8,15.2,54,46,47.3,52.7,63.3,36.7
"Goldsboro, NC Metro Area",62.9,37.1,78.9,21.1,50.4,49.6,41.9,58.1,53.5,46.5
"Granbury, TX Micro Area",79.5,20.5,87.5,12.5,70.2,29.8,66.9,33.1,64.9,35.1
"Grand Forks, ND-MN Metro Area",55.2,44.8,81.2,18.8,59.3,40.7,37.5,62.5,34.5,65.5
"Grand Island, NE Metro Area",64.9,35.1,84.1,15.9,45.2,54.8,38.3,61.7,47.8,52.2
"Grand Junction, CO Metro Area",69.1,30.9,84.1,15.9,50.3,49.7,55.1,44.9,55.8,44.2
"Grand Rapids, MN Micro Area",82.4,17.6,93.8,6.2,83.1,16.9,60.9,39.1,70.1,29.9
"Grand Rapids-Kentwood, MI Metro Area",73.4,26.6,89,11,64.9,35.1,55.6,44.4,53.7,46.3
"Grants, NM Micro Area",71.6,28.4,79.7,20.3,55.9,44.1,64.7,35.3,68.9,31.1
"Grants Pass, OR Metro Area",68.8,31.2,81.3,18.7,56.4,43.6,55.7,44.3,55.3,44.7
"Great Bend, KS Micro Area",67.4,32.6,82,18,56.6,43.4,38.7,61.3,55.1,44.9
"Great Falls, MT Metro Area",66.6,33.4,80.4,19.6,53.2,46.8,54.7,45.3,55.3,44.7
"Greeley, CO Metro Area",74.5,25.5,84,16,64,36,55.5,44.5,62.5,37.5
"Green Bay, WI Metro Area",68.1,31.9,87.2,12.8,58.5,41.5,41.4,58.6,48.9,51.1
"Greeneville, TN Micro Area",75.8,24.2,86.6,13.4,63.2,36.8,59.3,40.7,68.6,31.4
"Greensboro-High Point, NC Metro Area",63,37,81.8,18.2,51.6,48.4,40.6,59.4,50.1,49.9
"Greensburg, IN Micro Area",70.4,29.6,82.3,17.7,49.6,50.4,50.7,49.3,59,41
"Greenville, MS Micro Area",54.6,45.4,74.6,25.4,50.8,49.2,36.5,63.5,48.6,51.4
"Greenville, NC Metro Area",52.6,47.4,78.6,21.4,55.8,44.2,30.3,69.7,36.3,63.7
"Greenville, OH Micro Area",70.8,29.2,86,14,50.6,49.4,39.7,60.3,57.4,42.6
"Greenville-Anderson, SC Metro Area",69.5,30.5,85,15,58.4,41.6,51,49,54.5,45.5
"Greenwood, MS Micro Area",63,37,87.1,12.9,59.5,40.5,46.5,53.5,50.7,49.3
"Greenwood, SC Micro Area",62.3,37.7,85.4,14.6,49.7,50.3,37.7,62.3,50.1,49.9
"Grenada, MS Micro Area",67.8,32.2,91.5,8.5,23.8,76.2,37.7,62.3,65.1,34.9
"Guayama, PR Metro Area",72.1,27.9,82.7,17.3,59.5,40.5,63.9,36.1,69.6,30.4
"Gulfport-Biloxi, MS Metro Area",66,34,80.7,19.3,59.6,40.4,44.8,55.2,56.7,43.3
"Guymon, OK Micro Area",67,33,79.5,20.5,49.3,50.7,45.4,54.6,55.9,44.1
"Hagerstown-Martinsburg, MD-WV Metro Area",71,29,84.3,15.7,60.7,39.3,47.2,52.8,61,39
"Hailey, ID Micro Area",72.7,27.3,81.6,18.4,62.3,37.7,58.8,41.2,64,36
"Hammond, LA Metro Area",70.3,29.7,85.2,14.8,61.7,38.3,52.5,47.5,60.3,39.7
"Hanford-Corcoran, CA Metro Area",53.6,46.4,63.3,36.7,41,59,38.5,61.5,46.3,53.7
"Hannibal, MO Micro Area",70.2,29.8,84,16,66.3,33.7,43.2,56.8,56.4,43.6
"Harrisburg-Carlisle, PA Metro Area",67.5,32.5,85.2,14.8,56.4,43.6,46.5,53.5,51.4,48.6
"Harrison, AR Micro Area",74,26,85.5,14.6,57.6,42.4,52.5,47.5,61.7,38.3
"Harrisonburg, VA Metro Area",62.6,37.4,78.7,21.3,50.5,49.5,43.5,56.5,47.2,52.8
"Hartford-East Hartford-Middletown, CT Metro Area",66.4,33.6,85.4,14.6,57.2,42.8,47.5,52.5,49.4,50.6
"Hastings, NE Micro Area",68.1,31.9,86.8,13.2,71.8,28.2,50.3,49.7,47.8,52.2
"Hattiesburg, MS Metro Area",65.1,34.9,84.1,15.9,53.7,46.3,43.2,56.8,50,50
"Hays, KS Micro Area",62.8,37.2,91.1,8.9,47.9,52.1,35.1,64.9,37,63
"Heber, UT Micro Area",76.3,23.7,84.4,15.6,66.3,33.7,62.4,37.6,59.8,40.2
"Helena, MT Micro Area",73.4,26.6,89.3,10.7,55,45,63.1,36.9,55.7,44.3
"Helena-West Helena, AR Micro Area",46.1,53.9,70.3,29.7,50.5,49.5,21.3,78.7,38.9,61.1
"Henderson, NC Micro Area",58,42,75.3,24.7,51.3,48.7,42.2,57.8,49.5,50.5
"Hereford, TX Micro Area",65.5,34.5,73.9,26.1,42.6,57.4,63.8,36.2,53.5,46.5
"Hermiston-Pendleton, OR Micro Area",66.3,33.7,82.7,17.3,60.7,39.3,41,59,50.4,49.6
"Hickory-Lenoir-Morganton, NC Metro Area",73.4,26.6,84.3,15.7,60.5,39.5,54.8,45.2,65.8,34.2
"Hillsdale, MI Micro Area",77.4,22.6,89.7,10.3,71.9,28.1,60.3,39.7,64.1,35.9
"Hilo, HI Micro Area",69.3,30.7,79.7,20.3,50.4,49.6,53.1,46.9,63.7,36.3
"Hilton Head Island-Bluffton, SC Metro Area",74.6,25.4,83.6,16.4,73.1,26.9,56.7,43.3,65.2,34.8
"Hinesville, GA Metro Area",49.3,50.7,56.9,43.1,31.2,68.8,41.6,58.4,45.1,54.9
"Hobbs, NM Micro Area",68,32,81.1,18.9,52.2,47.8,47.8,52.2,58.5,41.5
"Holland, MI Micro Area",84.4,15.6,92.2,7.8,82.7,17.3,65.6,34.4,74.1,25.9
"Homosassa Springs, FL Metro Area",83.5,16.5,90.1,9.9,69.1,30.9,69.5,30.5,79.5,20.5
"Hood River, OR Micro Area",68.4,31.6,79.8,20.2,77.6,22.4,62.6,37.4,50.8,49.2
"Hope, AR Micro Area",68.8,31.2,85.2,14.8,50.6,49.4,51.5,48.5,55.2,44.8
"Hot Springs, AR Metro Area",67.1,32.9,83.9,16.1,57.4,42.6,46.8,53.2,54.6,45.4
"Houghton, MI Micro Area",68.3,31.7,89.8,10.2,88.5,11.5,58.2,41.8,46.1,53.9
"Houma-Thibodaux, LA Metro Area",73.9,26.1,88.6,11.4,67.6,32.4,54.5,45.5,60.6,39.4
"Houston-The Woodlands-Sugar Land, TX Metro Area",60.9,39.1,77.3,22.7,49.3,50.7,44.7,55.3,42.1,57.9
"Hudson, NY Micro Area",73.2,26.8,85.1,14.9,75.2,24.8,55.2,44.8,61.6,38.4
"Huntingdon, PA Micro Area",77,23,89.2,10.8,56.7,43.3,50.7,49.3,66.3,33.7
"Huntington, IN Micro Area",75.5,24.5,87.5,12.5,70.1,29.9,57.1,42.9,64.6,35.4
"Huntington-Ashland, WV-KY-OH Metro Area",71.7,28.3,86.7,13.3,66.2,33.8,53.7,46.3,57.8,42.2
"Huntsville, AL Metro Area",69.3,30.7,85.6,14.4,57.6,42.4,51.9,48.1,53.9,46.1
"Huntsville, TX Micro Area",51.9,48.1,75,25,54.3,45.7,37.2,62.8,33.2,66.8
"Huron, SD Micro Area",67.2,32.8,77.9,22.1,66.9,33.1,45.5,54.5,55.2,44.8
"Hutchinson, KS Micro Area",69.9,30.1,87.6,12.4,55.9,44.1,45.4,54.6,55.2,44.8
"Hutchinson, MN Micro Area",76.3,23.7,91.9,8.1,90.8,9.2,52.2,47.8,58.6,41.4
"Idaho Falls, ID Metro Area",71.9,28.1,85.3,14.7,55.5,44.5,50.7,49.3,54.7,45.3
"Indiana, PA Micro Area",70.1,29.9,88,12,63.5,36.5,68.5,31.5,48.6,51.4
"Indianapolis-Carmel-Anderson, IN Metro Area",65.7,34.3,84.5,15.5,59.2,40.8,45.9,54.1,48.2,51.8
"Indianola, MS Micro Area",53.3,46.7,79.6,20.4,58.3,41.7,37.4,62.6,43.9,56.1
"Iowa City, IA Metro Area",59.9,40.1,83.1,16.9,62.3,37.7,52.8,47.2,36.6,63.4
"Iron Mountain, MI-WI Micro Area",80.6,19.4,95,5,59.4,40.6,65.3,34.7,67.5,32.5
"Ithaca, NY Metro Area",54,46,81.3,18.7,55.9,44.1,50,50,30.9,69.1
"Jackson, MI Metro Area",74.3,25.7,89.4,10.6,75.3,24.7,58.8,41.2,59.9,40.1
"Jackson, MS Metro Area",67.6,32.4,85.7,14.3,62.8,37.2,48.6,51.4,55.5,44.5
"Jackson, OH Micro Area",72.8,27.2,86.8,13.2,57.6,42.4,43.7,56.3,62.6,37.4
"Jackson, TN Metro Area",65.1,34.9,83.7,16.3,62.4,37.6,36,64,53.2,46.8
"Jackson, WY-ID Micro Area",62.6,37.4,79.3,20.7,23.9,76.1,52.5,47.5,45.4,54.6
"Jacksonville, FL Metro Area",65.3,34.7,80.6,19.4,54.2,45.8,48.5,51.5,52.1,47.9
"Jacksonville, IL Micro Area",71.1,28.9,88.3,11.7,64.7,35.3,47.5,52.5,57.9,42.1
"Jacksonville, NC Metro Area",54.2,45.8,60,40,44.6,55.4,39,61,50.3,49.7
"Jacksonville, TX Micro Area",72,28,82,18,60.3,39.7,55.1,44.9,61.8,38.2
"Jamestown, ND Micro Area",62.5,37.5,83.5,16.5,54.1,45.9,40.4,59.6,47.3,52.7
"Jamestown-Dunkirk-Fredonia, NY Micro Area",68.6,31.4,86.7,13.3,56.5,43.5,51.4,48.6,54.7,45.3
"Janesville-Beloit, WI Metro Area",68.4,31.6,86.6,13.4,52.6,47.4,48.4,51.6,53.4,46.6
"Jasper, AL Micro Area",77.9,22.1,87.9,12.1,75,25,57.1,42.9,70.6,29.4
"Jasper, IN Micro Area",80,20,94,6,78.8,21.2,58.2,41.8,64.6,35.4
"Jayuya, PR Micro Area",57.9,42.1,79.8,20.2,44.1,55.9,26.2,73.8,56.6,43.4
"Jefferson, GA Micro Area",79,21,86.8,13.2,79.8,20.2,56.7,43.3,67.6,32.4
"Jefferson City, MO Metro Area",71.7,28.3,87,13,60,40,49.1,50.9,55.8,44.2
"Jennings, LA Micro Area",75.5,24.5,88.4,11.6,75.6,24.4,62.5,37.5,62.9,37.1
"Jesup, GA Micro Area",62.8,37.2,77.8,22.2,31.6,68.4,44,56,49,51
"Johnson City, TN Metro Area",67,33,83.9,16.1,53.1,46.9,51.5,48.5,51.8,48.2
"Johnstown, PA Metro Area",74.7,25.3,92.1,7.9,67.7,32.3,61.2,38.8,58.7,41.3
"Jonesboro, AR Metro Area",58.1,41.9,77.4,22.6,47.4,52.6,40.4,59.6,40.7,59.3
"Joplin, MO Metro Area",66.4,33.6,81.1,18.9,59.3,40.7,46.6,53.4,51.9,48.1
"Juneau, AK Micro Area",64.6,35.4,80.7,19.3,53.1,46.9,54.6,45.4,50.4,49.6
"Kahului-Wailuku-Lahaina, HI Metro Area",62.5,37.5,74.4,25.6,56.2,43.8,48.6,51.4,49,51
"Kalamazoo-Portage, MI Metro Area",64.5,35.5,87.7,12.3,53.3,46.7,46.7,53.3,43.9,56.1
"Kalispell, MT Micro Area",73.8,26.2,85.8,14.2,63.4,36.6,62.8,37.2,58.5,41.5
"Kankakee, IL Metro Area",67.1,32.9,85.1,14.9,59.3,40.7,45.8,54.2,50.2,49.8
"Kansas City, MO-KS Metro Area",65.2,34.8,83.5,16.5,57.5,42.5,46.5,53.5,47.2,52.8
"Kapaa, HI Micro Area",65.1,34.9,75.7,24.3,45,55,48.7,51.3,58.1,41.9
"Kearney, NE Micro Area",67.1,32.9,87.6,12.4,29,71,52.4,47.6,46.1,53.9
"Keene, NH Micro Area",68.1,31.9,87.5,12.5,58.3,41.7,54.6,45.4,47.5,52.5
"Kendallville, IN Micro Area",76.4,23.6,90.7,9.3,61.4,38.6,55.1,44.9,60.6,39.4
"Kennett, MO Micro Area",61.7,38.3,80,20,37.6,62.4,41.4,58.6,54.6,45.4
"Kennewick-Richland, WA Metro Area",69.1,30.9,82.9,17.1,49.8,50.2,55.4,44.6,52.8,47.2
"Kerrville, TX Micro Area",68.4,31.6,80.7,19.3,35.5,64.5,41.5,58.5,65.2,34.8
"Ketchikan, AK Micro Area",63.9,36.1,81.7,18.3,49.5,50.5,44,56,46.4,53.6
"Key West, FL Micro Area",59.1,40.9,69.5,30.5,52,48,45.6,54.4,50,50
"Kill Devil Hills, NC Micro Area",76.2,23.8,88.1,11.9,69.8,30.2,53,47,67.3,32.7
"Killeen-Temple, TX Metro Area",56.3,43.7,70.6,29.4,47.1,52.9,42.5,57.5,41.9,58.1
"Kingsport-Bristol, TN-VA Metro Area",73.5,26.5,86.2,13.8,61.4,38.6,55.9,44.1,63.1,36.9
"Kingston, NY Metro Area",68.6,31.4,85.8,14.2,66.1,33.9,54,46,54,46
"Kingsville, TX Micro Area",51.8,48.2,77.4,22.6,48.6,51.4,28.6,71.4,31.1,68.9
"Kinston, NC Micro Area",56.9,43.1,77.2,22.8,40.3,59.7,37.7,62.3,46.5,53.5
"Kirksville, MO Micro Area",62.6,37.4,82.6,17.4,74.2,25.8,48.1,51.9,44.2,55.8
"Klamath Falls, OR Micro Area",64.2,35.8,80.5,19.5,53.2,46.8,40.5,59.5,53.3,46.7
"Knoxville, TN Metro Area",69.2,30.8,83.6,16.4,58.5,41.5,52.3,47.7,55.1,44.9
"Kokomo, IN Metro Area",72.1,27.9,87.8,12.2,64.8,35.2,50.9,49.1,61.5,38.5
"Laconia, NH Micro Area",76.6,23.4,90.5,9.5,66,34,53.4,46.6,63,37
"La Crosse-Onalaska, WI-MN Metro Area",65.3,34.7,88.1,11.9,57.2,42.8,46,54,45.2,54.8
"Lafayette, LA Metro Area",69.4,30.6,86.3,13.7,62.8,37.2,47.6,52.4,55.2,44.8
"Lafayette-West Lafayette, IN Metro Area",59.2,40.8,81.2,18.8,61.2,38.8,40.5,59.5,39.7,60.3
"La Grande, OR Micro Area",66.5,33.5,82.3,17.7,42,58,45.9,54.1,54.2,45.8
"LaGrange, GA-AL Micro Area",62.5,37.5,80.7,19.3,53.6,46.4,43.4,56.6,49.7,50.3
"Lake Charles, LA Metro Area",69.2,30.8,86.7,13.3,70.7,29.3,46.1,53.9,54.9,45.1
"Lake City, FL Micro Area",72.6,27.4,85.3,14.7,71.2,28.8,58.4,41.6,62.2,37.8
"Lake Havasu City-Kingman, AZ Metro Area",70.4,29.6,81.7,18.3,60.5,39.5,49.4,50.6,63.4,36.6
"Lakeland-Winter Haven, FL Metro Area",69.5,30.5,80.1,19.9,60.2,39.8,49.5,50.5,62.8,37.2
"Lamesa, TX Micro Area",70,30,77.4,22.6,72,28,67.9,32.1,62.1,37.9
"Lancaster, PA Metro Area",69.4,30.6,83.6,16.4,59.9,40.1,49,51,49.9,50.1
"Lansing-East Lansing, MI Metro Area",67.3,32.7,86.4,13.6,65.2,34.8,51.3,48.7,50.1,49.9
"Laramie, WY Micro Area",52,48,80.7,19.3,37.9,62.1,51,49,30,70
"Laredo, TX Metro Area",63,37,75.1,24.9,50.9,49.1,47.3,52.7,52.2,47.8
"Las Cruces, NM Metro Area",64.6,35.4,79.6,20.4,57.9,42.1,54.3,45.7,51.1,48.9
"Las Vegas, NM Micro Area",72.9,27.1,91.4,8.6,81.8,18.2,62.9,37.1,61.9,38.1
"Las Vegas-Henderson-Paradise, NV Metro Area",54.8,45.2,69.5,30.5,48.2,51.8,40,60,44.2,55.8
"Laurel, MS Micro Area",75.5,24.5,87.5,12.5,68.5,31.5,53.8,46.2,70,30
"Laurinburg, NC Micro Area",59.8,40.2,79.8,20.2,53,47,43.2,56.8,50.4,49.6
"Lawrence, KS Metro Area",50.7,49.3,79.6,20.4,37.8,62.2,36.1,63.9,25.6,74.4
"Lawrenceburg, TN Micro Area",75.2,24.8,88.9,11.1,66.4,33.6,50.2,49.8,63.6,36.4
"Lawton, OK Metro Area",54.4,45.6,70.2,29.8,46.7,53.3,32.5,67.5,44.9,55.1
"Lebanon, MO Micro Area",68,32,78.8,21.2,56.3,43.7,52.6,47.4,55.3,44.7
"Lebanon, NH-VT Micro Area",73.5,26.5,88.6,11.4,68.4,31.6,54.5,45.5,59.2,40.8
"Lebanon, PA Metro Area",70.5,29.5,85.3,14.7,54.5,45.5,46.8,53.2,56.9,43.1
"Levelland, TX Micro Area",73.1,26.9,84.2,15.8,51.9,48.1,53.4,46.6,64.3,35.7
"Lewisburg, PA Micro Area",70.6,29.4,85.8,14.2,81.7,18.3,29.7,70.3,53.9,46.1
"Lewisburg, TN Micro Area",73.1,26.9,83.1,16.9,72.4,27.6,44.2,55.8,66.4,33.6
"Lewiston, ID-WA Metro Area",72.7,27.3,89.2,10.8,52.4,47.6,54.8,45.3,57.6,42.4
"Lewiston-Auburn, ME Metro Area",64.9,35.1,85.3,14.7,58.9,41.1,44.3,55.7,47.9,52.1
"Lewistown, PA Micro Area",73,27,86.7,13.3,69.5,30.5,53.3,46.7,55.7,44.3
"Lexington, NE Micro Area",66.3,33.7,78.3,21.7,68.6,31.4,54.5,45.5,46.3,53.7
"Lexington-Fayette, KY Metro Area",59.8,40.2,78.6,21.4,49.7,50.3,41.8,58.2,44,56
"Liberal, KS Micro Area",62.4,37.6,83.7,16.3,46.7,53.3,50.9,49.1,38.6,61.4
"Lima, OH Metro Area",66.7,33.3,85.5,14.5,49.6,50.4,37.6,62.4,58.3,41.7
"Lincoln, IL Micro Area",71.3,28.7,85.2,14.8,44.9,55.1,72.6,27.4,56.5,43.5
"Lincoln, NE Metro Area",59.8,40.2,83,17,43.7,56.3,40.7,59.3,38.4,61.6
"Little Rock-North Little Rock-Conway, AR Metro Area",63.9,36.1,82.9,17.1,54.8,45.2,44.6,55.4,48.9,51.1
"Lock Haven, PA Micro Area",69.6,30.4,84.7,15.3,61.1,38.9,58.9,41.1,52.9,47.1
"Logan, UT-ID Metro Area",64.7,35.3,75.9,24.1,54.2,45.8,44.5,55.5,41.7,58.3
"Logansport, IN Micro Area",73.4,26.6,86.8,13.2,64.3,35.7,60,40,62.2,37.8
"London, KY Micro Area",68.9,31.1,81.8,18.2,58.4,41.6,47.4,52.6,59,41
"Longview, TX Metro Area",68.5,31.5,83.8,16.2,60.1,39.9,49.2,50.8,53.2,46.8
"Longview, WA Metro Area",66.1,33.9,81.9,18.1,56.8,43.2,42,58,53.4,46.6
"Los Alamos, NM Micro Area",73.1,26.9,86.7,13.3,71.2,28.8,35.6,64.4,59.2,40.8
"Los Angeles-Long Beach-Anaheim, CA Metro Area",48.7,51.3,62.4,37.6,40.6,59.4,38.5,61.5,34.8,65.2
"Louisville/Jefferson County, KY-IN Metro Area",67.4,32.6,84.9,15.1,60.6,39.4,46.5,53.5,53.6,46.4
"Lubbock, TX Metro Area",56.2,43.8,77.4,22.6,45.7,54.3,42.5,57.5,38.7,61.3
"Ludington, MI Micro Area",76,24,90.3,9.7,72.1,27.9,56,44,61.4,38.6
"Lufkin, TX Micro Area",65.7,34.3,81.4,18.6,64.3,35.7,43.9,56.1,52.4,47.6
"Lumberton, NC Micro Area",66.3,33.7,81.3,18.7,62.5,37.5,52.9,47.1,57.2,42.8
"Lynchburg, VA Metro Area",70.8,29.2,84.9,15.1,60.7,39.3,46.9,53.1,58.6,41.4
"Macomb, IL Micro Area",63.3,36.7,87.6,12.4,65.2,34.8,48.2,51.8,45.6,54.4
"Macon-Bibb County, GA Metro Area",61.4,38.6,82,18,56.3,43.7,43,57,47.1,52.9
"Madera, CA Metro Area",65.8,34.2,73.6,26.4,51.6,48.4,42.4,57.6,63.4,36.6
"Madison, IN Micro Area",69.3,30.7,85,15,55.2,44.8,57.6,42.4,56,44
"Madison, WI Metro Area",61.8,38.2,84.9,15.1,53,47,45.5,54.5,40.8,59.2
"Madisonville, KY Micro Area",68.1,31.9,82.8,17.2,63,37,46.9,53.1,56.2,43.8
"Magnolia, AR Micro Area",68.8,31.2,86.3,13.7,49.9,50.1,48.3,51.7,55.5,44.5
"Malone, NY Micro Area",72.1,27.9,88,12,63.9,36.1,54.3,45.7,58.2,41.8
"Malvern, AR Micro Area",79.5,20.5,87.6,12.4,89.6,10.4,57.5,42.5,71.9,28.1
"Manchester-Nashua, NH Metro Area",65.7,34.3,82.5,17.5,56.3,43.7,50.6,49.4,47.1,52.9
"Manhattan, KS Metro Area",49.1,50.9,66.6,33.4,42.8,57.2,31.8,68.2,31.9,68.1
"Manitowoc, WI Micro Area",75.9,24.1,91.3,8.7,67.1,32.9,52.1,47.9,61.8,38.2
"Mankato, MN Metro Area",65.3,34.7,88.7,11.3,60,40,52.3,47.7,40.6,59.4
"Mansfield, OH Metro Area",66.9,33.1,84.9,15.1,50.2,49.8,44.2,55.8,54.4,45.6
"Marietta, OH Micro Area",73.7,26.3,89.9,10.1,61.3,38.7,52,48,59.2,40.8
"Marinette, WI-MI Micro Area",76.6,23.4,90.9,9.1,73.2,26.8,59,41,63.3,36.7
"Marion, IN Micro Area",69.6,30.4,84.1,15.9,56.7,43.3,52.2,47.8,60.2,39.8
"Marion, NC Micro Area",73.7,26.3,84.2,15.8,59.1,40.9,58.8,41.2,63.4,36.6
"Marion, OH Micro Area",67.4,32.6,80.7,19.3,61.9,38.1,49.3,50.7,57.5,42.5
"Marquette, MI Micro Area",71.5,28.5,91.4,8.6,72.5,27.5,61.1,38.9,51.5,48.5
"Marshall, MN Micro Area",68.6,31.4,86.8,13.2,49.7,50.3,40.3,59.7,53.4,46.6
"Marshall, MO Micro Area",70.8,29.2,88.2,11.8,59.2,40.8,48.4,51.6,55.3,44.7
"Marshalltown, IA Micro Area",71.9,28.1,85.5,14.5,71.6,28.4,52,48,56.7,43.3
"Martin, TN Micro Area",64.6,35.4,83.3,16.7,46.4,53.6,37.9,62.1,48.7,51.3
"Martinsville, VA Micro Area",68.6,31.4,84,16,72.4,27.6,59.3,40.7,56.1,43.9
"Maryville, MO Micro Area",58.1,41.9,86.4,13.6,75.8,24.2,42,58,31.9,68.1
"Mason City, IA Micro Area",71,29,88.5,11.5,61,39,45.5,54.5,56.7,43.3
"Mayagüez, PR Metro Area",59.8,40.2,81.8,18.2,59.3,40.7,44.4,55.6,50.2,49.8
"Mayfield, KY Micro Area",74.2,25.8,87.4,12.6,65.8,34.2,44.4,55.6,62.7,37.3
"Maysville, KY Micro Area",69.1,30.9,85.9,14.1,70,30,39.3,60.7,56.6,43.4
"McAlester, OK Micro Area",72.5,27.5,85.5,14.5,55.1,44.9,48.7,51.3,64.4,35.6
"McAllen-Edinburg-Mission, TX Metro Area",68,32,78.6,21.4,61.8,38.2,55.9,44.1,54.8,45.2
"McComb, MS Micro Area",68.3,31.7,87,13,60.1,39.9,58.3,41.7,56.8,43.2
"McMinnville, TN Micro Area",70.3,29.7,84.7,15.3,67.6,32.4,44.2,55.8,58.4,41.6
"McPherson, KS Micro Area",69.3,30.7,85.9,14.1,72.3,27.7,40.6,59.4,47.3,52.7
"Meadville, PA Micro Area",72.8,27.2,86.2,13.8,67.1,32.9,51.6,48.4,60.4,39.6
"Medford, OR Metro Area",64.3,35.7,79,21,57.8,42.2,45.2,54.8,50.4,49.6
"Memphis, TN-MS-AR Metro Area",59.8,40.2,80.3,19.7,48.7,51.3,42.2,57.8,46.5,53.5
"Menomonie, WI Micro Area",67.2,32.8,87.1,12.9,69,31,56.3,43.7,45.5,54.5
"Merced, CA Metro Area",52.2,47.8,64.3,35.7,50.1,49.9,30.2,69.8,43.5,56.5
"Meridian, MS Micro Area",68.5,31.5,84,16,62.8,37.2,53.4,46.6,57.7,42.3
"Mexico, MO Micro Area",70.5,29.5,83.5,16.5,67.1,32.9,46.1,53.9,61.4,38.6
"Miami, OK Micro Area",68.8,31.2,81.4,18.6,61.2,38.8,47.7,52.3,61.2,38.8
"Miami-Fort Lauderdale-Pompano Beach, FL Metro Area",59.8,40.2,71.2,28.8,48.9,51.1,47.1,52.9,52.8,47.2
"Michigan City-La Porte, IN Metro Area",73.3,26.7,87.5,12.5,63.9,36.1,52.5,47.5,64,36
"Middlesborough, KY Micro Area",63.1,36.9,75.1,24.9,50.6,49.4,61.9,38.1,50.1,49.9
"Midland, MI Metro Area",77.3,22.7,89.3,10.7,63.5,36.5,61.1,38.9,63.2,36.8
"Midland, TX Metro Area",66.8,33.2,82.3,17.7,49.7,50.3,50.1,49.9,50.4,49.6
"Milledgeville, GA Micro Area",61.6,38.4,82.8,17.2,36,64,41.7,58.3,52.4,47.6
"Milwaukee-Waukesha, WI Metro Area",59.8,40.2,83.7,16.3,47,53,37.3,62.7,41.6,58.4
"Minden, LA Micro Area",66.3,33.7,77,23,59.3,40.7,47,53,61.6,38.4
"Mineral Wells, TX Micro Area",74.5,25.5,86.6,13.4,65.3,34.7,59.3,40.7,62.9,37.1
"Minneapolis-St. Paul-Bloomington, MN-WI Metro Area",70.4,29.6,87.8,12.2,64.4,35.6,52.8,47.2,51.6,48.4
"Minot, ND Micro Area",61.9,38.1,79,21,62.5,37.5,50.6,49.4,42.8,57.2
"Missoula, MT Metro Area",58.6,41.4,80.3,19.7,54.2,45.8,46.2,53.8,39.6,60.4
"Mitchell, SD Micro Area",62.9,37.1,81.2,18.8,87,13,52.6,47.4,39.7,60.3
"Moberly, MO Micro Area",71.1,28.9,86.1,13.9,51.2,48.8,45.2,54.8,63.6,36.4
"Mobile, AL Metro Area",65,35,81.9,18.1,58.3,41.7,48,52,51.5,48.5
"Modesto, CA Metro Area",58.7,41.3,70.4,29.6,44.1,55.9,41.2,58.8,49.3,50.7
"Monroe, LA Metro Area",63.2,36.8,83.6,16.4,60.5,39.5,38.9,61.1,51.2,48.8
"Monroe, MI Metro Area",80.6,19.4,92,8,79.6,20.4,67.2,32.8,67.4,32.6
"Montgomery, AL Metro Area",64.3,35.7,81.7,18.3,54,46,47.7,52.3,52.9,47.1
"Montrose, CO Micro Area",73.6,26.4,85.4,14.6,65.1,34.9,43.7,56.3,60.8,39.2
"Morehead City, NC Micro Area",71.6,28.4,82.6,17.4,57.4,42.6,49.5,50.5,62.6,37.4
"Morgan City, LA Micro Area",60.7,39.3,81.3,18.7,62.7,37.3,57.1,42.9,45.4,54.6
"Morgantown, WV Metro Area",63.6,36.4,85.9,14.1,53.9,46.1,56.8,43.2,42.4,57.6
"Morristown, TN Metro Area",71.8,28.2,82.7,17.3,56.9,43.1,54.1,45.9,61.2,38.8
"Moscow, ID Micro Area",55.4,44.6,81.9,18.1,53,47,39.5,60.5,29.9,70.1
"Moses Lake, WA Micro Area",64.6,35.4,78.3,21.7,50.1,49.9,43.4,56.6,53,47
"Moultrie, GA Micro Area",62.3,37.7,82,18,48.5,51.5,31.3,68.7,55.9,44.1
"Mountain Home, AR Micro Area",76.6,23.4,84,16,75.3,24.7,66.5,33.5,67.8,32.2
"Mountain Home, ID Micro Area",61,39,67.4,32.6,62.7,37.3,54.8,45.2,54,46
"Mount Airy, NC Micro Area",72.7,27.3,86.6,13.4,61.1,38.9,53.2,46.8,57.9,42.1
"Mount Gay-Shamrock, WV Micro Area",72,28,81.4,18.6,52.4,47.6,55.2,44.8,68.5,31.5
"Mount Pleasant, MI Micro Area",62.8,37.2,87.8,12.2,69.3,30.7,50.7,49.3,41.6,58.4
"Mount Pleasant, TX Micro Area",69.1,30.9,83.1,16.9,61.1,38.9,53,47,50.2,49.8
"Mount Sterling, KY Micro Area",69.7,30.3,82.8,17.2,73.9,26.1,40.1,59.9,60,40
"Mount Vernon, IL Micro Area",71.8,28.2,90.4,9.6,68.3,31.7,39.4,60.6,58.8,41.2
"Mount Vernon, OH Micro Area",72.2,27.8,85.3,14.7,47.2,52.8,34.4,65.6,61.7,38.3
"Mount Vernon-Anacortes, WA Metro Area",70,30,82.1,17.9,56.3,43.7,51.6,48.4,57.3,42.7
"Muncie, IN Metro Area",64.5,35.5,85.3,14.7,59.6,40.4,50.6,49.4,49,51
"Murray, KY Micro Area",62.8,37.2,80.9,19.1,62,38,57.3,42.7,43.7,56.3
"Muscatine, IA Micro Area",74.4,25.6,88,12,64.3,35.7,53,47,63.5,36.5
"Muskegon, MI Metro Area",76.2,23.8,90.4,9.6,72.4,27.6,57.7,42.3,65,35
"Muskogee, OK Micro Area",65.2,34.8,81.9,18.1,54.3,45.7,48.2,51.8,53.2,46.8
"Myrtle Beach-Conway-North Myrtle Beach, SC-NC Metro Area",76,24,87.3,12.7,51.6,48.4,58,42,67.8,32.2
"Nacogdoches, TX Micro Area",57.7,42.3,83.1,16.9,42.9,57.1,33.9,66.1,34.6,65.4
"Napa, CA Metro Area",64.8,35.2,74.8,25.2,51.9,48.1,47.2,52.8,55.8,44.2
"Naples-Marco Island, FL Metro Area",74.4,25.6,82.5,17.5,55.6,44.4,52.7,47.3,69.1,30.9
"Nashville-Davidson--Murfreesboro--Franklin, TN Metro Area",65.6,34.4,82.4,17.6,56.2,43.8,46.5,53.5,48.9,51.1
"Natchez, MS-LA Micro Area",66.2,33.8,82.5,17.5,64.6,35.4,48.2,51.8,60,40
"Natchitoches, LA Micro Area",50,50,76.5,23.5,38.6,61.4,36.8,63.2,33.3,66.7
"New Bern, NC Metro Area",67,33,77.5,22.5,58.2,41.8,44.8,55.2,59.9,40.1
"Newberry, SC Micro Area",74.9,25.1,88.1,11.9,56.9,43.1,50.2,49.8,70.4,29.6
"New Castle, IN Micro Area",74.4,25.6,84.8,15.2,66.2,33.8,54.7,45.3,66.9,33.1
"New Castle, PA Micro Area",74.8,25.2,90.3,9.7,63.5,36.5,57.7,42.3,61.6,38.4
"New Haven-Milford, CT Metro Area",62.1,37.9,82.6,17.4,55.2,44.8,42.4,57.6,46.5,53.5
"New Orleans-Metairie, LA Metro Area",63.7,36.3,83.9,16.1,57.3,42.7,49.7,50.3,49.7,50.3
"New Philadelphia-Dover, OH Micro Area",70.9,29.1,84.4,15.6,55.3,44.7,50.8,49.2,57.5,42.5
"Newport, OR Micro Area",67.2,32.8,79.8,20.2,67.3,32.7,51.2,48.8,58,42
"Newport, TN Micro Area",69.6,30.4,79.4,20.6,65.6,34.4,51.7,48.3,64.8,35.2
"New Ulm, MN Micro Area",76.6,23.4,92,8,65.3,34.7,67.3,32.7,56.5,43.5
"New York-Newark-Jersey City, NY-NJ-PA Metro Area",51.6,48.4,68.4,31.6,42.3,57.7,35.9,64.1,36.9,63.1
"Niles, MI Metro Area",71.2,28.8,87.2,12.8,62.6,37.4,52.2,47.8,58.2,41.8
"Nogales, AZ Micro Area",67.8,32.2,79.4,20.6,47.7,52.3,60.1,39.9,54.4,45.6
"Norfolk, NE Micro Area",70.3,29.7,84.2,15.8,63.3,36.7,54.1,45.9,56.2,43.8
"North Platte, NE Micro Area",67.8,32.2,84.5,15.5,62,38,42.3,57.7,50.9,49.1
"North Port-Sarasota-Bradenton, FL Metro Area",75.1,24.9,85.5,14.5,53.7,46.3,54,46,67.7,32.3
"North Vernon, IN Micro Area",77.6,22.4,87.8,12.2,66.9,33.1,65.1,34.9,67.6,32.4
"North Wilkesboro, NC Micro Area",75.9,24.1,87.6,12.4,70.6,29.4,59.8,40.2,63.4,36.6
"Norwalk, OH Micro Area",71.7,28.3,86.2,13.8,68.5,31.5,46.8,53.2,60.5,39.5
"Norwich-New London, CT Metro Area",67.1,32.9,83.1,16.9,56.3,43.7,49.7,50.3,52.8,47.2
"Oak Harbor, WA Micro Area",71.1,28.9,78.2,21.8,63.6,36.4,49.7,50.3,64.1,35.9
"Ocala, FL Metro Area",74.8,25.2,86.2,13.8,62.5,37.5,51.9,48.1,68.3,31.7
"Ocean City, NJ Metro Area",78,22,88.1,11.9,77.7,22.3,57.1,42.9,68.2,31.8
"Odessa, TX Metro Area",65.5,34.5,80,20,66.6,33.4,47,53,53.6,46.4
"Ogden-Clearfield, UT Metro Area",76.6,23.4,85.2,14.8,64,36,58,42,63,37
"Ogdensburg-Massena, NY Micro Area",72.5,27.5,90.4,9.6,69.9,30.1,57,43,55.6,44.4
"Oil City, PA Micro Area",73.2,26.8,87.4,12.6,67.4,32.6,50.1,49.9,59.9,40.1
"Okeechobee, FL Micro Area",74.8,25.2,86.6,13.4,49.7,50.3,55.7,44.3,67.7,32.3
"Oklahoma City, OK Metro Area",64.4,35.6,81.3,18.7,57.2,42.8,44.6,55.4,49.6,50.4
"Olean, NY Micro Area",72.2,27.8,88.5,11.5,64.3,35.7,54.5,45.5,58.6,41.4
"Olympia-Lacey-Tumwater, WA Metro Area",66,34,80.6,19.4,60.9,39.1,49.2,50.8,49.7,50.3
"Omaha-Council Bluffs, NE-IA Metro Area",65.8,34.2,84.6,15.4,55.2,44.8,47,53,46.5,53.5
"Oneonta, NY Micro Area",72.2,27.8,89,11,65.2,34.8,56,44,55.6,44.4
"Ontario, OR-ID Micro Area",64.8,35.2,77.8,22.2,51.1,48.9,44.6,55.4,54.9,45.1
"Opelousas, LA Micro Area",69.1,30.9,84,16,52.8,47.2,45.1,54.9,63.7,36.3
"Orangeburg, SC Micro Area",67.2,32.8,84,16,58.7,41.3,56.3,43.7,58.5,41.5
"Orlando-Kissimmee-Sanford, FL Metro Area",61.9,38.1,76,24,50.5,49.5,46.2,53.8,49.2,50.8
"Oshkosh-Neenah, WI Metro Area",65.7,34.3,87.3,12.7,60.3,39.7,46,54,47.4,52.6
"Oskaloosa, IA Micro Area",68,32,82.7,17.3,59.2,40.8,47.9,52.1,51.2,48.8
"Othello, WA Micro Area",61,39,69.9,30.1,27,73,46.7,53.3,61.7,38.3
"Ottawa, IL Micro Area",73.3,26.7,88.8,11.2,62.9,37.1,48.2,51.8,60.7,39.3
"Ottawa, KS Micro Area",73.2,26.8,85.8,14.2,75.1,24.9,52.1,47.9,57.6,42.4
"Ottumwa, IA Micro Area",67.7,32.3,82.9,17.1,48.5,51.5,45.6,54.4,57.6,42.4
"Owatonna, MN Micro Area",76.8,23.2,91.3,8.7,72.3,27.7,61.3,38.7,56.1,43.9
"Owensboro, KY Metro Area",68.5,31.5,82.8,17.2,54.1,45.9,48.9,51.1,55.6,44.4
"Oxford, MS Micro Area",60.8,39.2,82.5,17.5,73.9,26.1,50.7,49.3,39.7,60.3
"Oxnard-Thousand Oaks-Ventura, CA Metro Area",63.3,36.7,73.6,26.4,56.7,43.3,46.3,53.7,51.6,48.4
"Ozark, AL Micro Area",58.6,41.4,69.9,30.1,42.2,57.8,39.6,60.4,54.9,45.1
"Paducah, KY-IL Micro Area",69.3,30.7,86.4,13.6,57.5,42.5,49.1,50.9,54.2,45.8
"Pahrump, NV Micro Area",71.5,28.5,80.5,19.5,56.6,43.4,65,35,64.2,35.8
"Palatka, FL Micro Area",71.4,28.6,83.3,16.7,61.3,38.7,58.3,41.7,64.6,35.4
"Palestine, TX Micro Area",71.5,28.5,81.4,18.6,59.9,40.1,52.7,47.3,64.7,35.3
"Palm Bay-Melbourne-Titusville, FL Metro Area",75.6,24.4,85.4,14.6,62.3,37.7,59.5,40.5,68.4,31.6
"Pampa, TX Micro Area",72.9,27.1,84.6,15.4,73.2,26.8,44.1,55.9,64,36
"Panama City, FL Metro Area",67.3,32.7,78.3,21.7,64.7,35.3,47.2,52.8,59.7,40.3
"Paragould, AR Micro Area",66.9,33.1,78.7,21.3,69.8,30.2,48.7,51.3,53.7,46.3
"Paris, TN Micro Area",75.2,24.8,87.6,12.4,73.3,26.7,53.3,46.7,64.5,35.5
"Paris, TX Micro Area",64.7,35.3,81.7,18.3,63.5,36.5,41.9,58.1,51.5,48.5
"Parkersburg-Vienna, WV Metro Area",72.8,27.2,87.2,12.8,65.6,34.4,55.3,44.7,60.1,39.9
"Parsons, KS Micro Area",71,29,87.1,12.9,64.7,35.3,49.2,50.8,55,45
"Payson, AZ Micro Area",75.2,24.8,86.9,13.1,58.8,41.2,58.6,41.4,68.3,31.7
"Pearsall, TX Micro Area",66.8,33.2,74.5,25.5,66.3,33.8,57.6,42.4,59.8,40.2
"Pecos, TX Micro Area",78.6,21.4,86.4,13.6,56.3,43.8,65.6,34.4,77.7,22.3
"Pella, IA Micro Area",73.7,26.3,87.4,12.6,69,31,60.1,39.9,52.2,47.8
"Pensacola-Ferry Pass-Brent, FL Metro Area",67.8,32.2,81.9,18.1,62.3,37.7,51.1,48.9,56.1,43.9
"Peoria, IL Metro Area",72.1,27.9,89.1,10.9,66.6,33.4,50,50,56.9,43.1
"Peru, IN Micro Area",72.3,27.7,81.4,18.6,70.1,29.9,51.3,48.7,65,35
"Philadelphia-Camden-Wilmington, PA-NJ-DE-MD Metro Area",67.2,32.8,85,15,62.3,37.7,53.6,46.4,50.1,49.9
"Phoenix-Mesa-Chandler, AZ Metro Area",64.4,35.6,79.1,20.9,53.2,46.8,45.7,54.3,51.7,48.3
"Picayune, MS Micro Area",78.9,21.1,88.3,11.7,80.1,19.9,55.6,44.4,70.3,29.7
"Pierre, SD Micro Area",72.4,27.6,89.1,10.9,34.5,65.5,51.3,48.7,62.1,37.9
"Pine Bluff, AR Metro Area",65.2,34.8,81.6,18.4,57.1,42.9,46.8,53.2,56.2,43.8
"Pinehurst-Southern Pines, NC Micro Area",76.8,23.2,89,11,62.6,37.4,58.4,41.6,64.1,35.9
"Pittsburg, KS Micro Area",59.9,40.1,83.1,16.9,56.4,43.6,38,62,41.7,58.3
"Pittsburgh, PA Metro Area",69.6,30.4,88.3,11.7,66.8,33.2,55.1,44.9,52.3,47.7
"Pittsfield, MA Metro Area",70,30,88.4,11.6,64.4,35.6,55,45,55.9,44.1
"Plainview, TX Micro Area",63.3,36.7,76.4,23.6,54.8,45.2,43.9,56.1,53.2,46.8
"Platteville, WI Micro Area",69.3,30.7,88,12,57.2,42.8,55.8,44.2,47.8,52.2
"Plattsburgh, NY Micro Area",67.9,32.1,85,15,73.9,26.1,57.4,42.6,50.2,49.8
"Plymouth, IN Micro Area",74.9,25.1,86,14,54.3,45.7,60.6,39.4,62.8,37.2
"Pocatello, ID Metro Area",68.3,31.7,83.7,16.3,59.6,40.4,55.4,44.6,50.5,49.5
"Point Pleasant, WV-OH Micro Area",78.7,21.3,89.1,10.9,59.5,40.5,61,39,67.2,32.8
"Ponca City, OK Micro Area",66.2,33.8,81.7,18.3,59.7,40.3,47.3,52.7,55,45
"Ponce, PR Metro Area",68.7,31.3,84.8,15.2,56.4,43.6,56.1,43.9,63.4,36.6
"Pontiac, IL Micro Area",71.9,28.1,84.6,15.4,67.9,32.1,55.2,44.8,59.6,40.4
"Poplar Bluff, MO Micro Area",67.7,32.3,83.9,16.1,75.8,24.2,48.3,51.7,52.8,47.2
"Portales, NM Micro Area",58.4,41.6,76.5,23.5,67.4,32.6,36.2,63.8,44.9,55.1
"Port Angeles, WA Micro Area",71.3,28.7,85,15,51.6,48.4,54.7,45.3,61.3,38.7
"Portland-South Portland, ME Metro Area",72.1,27.9,87.9,12.1,66,34,58.9,41.1,54.9,45.1
"Portland-Vancouver-Hillsboro, OR-WA Metro Area",62.3,37.7,79,21,51.5,48.5,47.2,52.8,45.2,54.8
"Port Lavaca, TX Micro Area",73.7,26.3,80.5,19.5,79,21,46.1,53.9,74.5,25.5
"Port St. Lucie, FL Metro Area",76.6,23.4,85.8,14.2,54.1,45.9,60.4,39.6,70.7,29.3
"Portsmouth, OH Micro Area",67.4,32.6,81.7,18.3,62.4,37.6,49.8,50.2,55.5,44.5
"Pottsville, PA Micro Area",75.2,24.8,90.4,9.6,74,26,62.1,37.9,60.6,39.4
"Poughkeepsie-Newburgh-Middletown, NY Metro Area",68,32,81.6,18.4,61.4,38.6,54.5,45.5,51.4,48.6
"Prescott Valley-Prescott, AZ Metro Area",72.6,27.4,84.1,15.9,59.5,40.5,57.3,42.7,62.1,37.9
"Price, UT Micro Area",72.3,27.7,83.8,16.2,53,47,54.3,45.7,61.1,38.9
"Prineville, OR Micro Area",73.5,26.5,87.3,12.7,63.2,36.8,44.8,55.2,63.3,36.7
"Providence-Warwick, RI-MA Metro Area",62,38,81.7,18.3,55,45,44.4,55.6,45.3,54.7
"Provo-Orem, UT Metro Area",68.1,31.9,76.3,23.7,48.9,51.1,53.9,46.1,46.8,53.2
"Pueblo, CO Metro Area",65.1,34.9,81.8,18.2,58.6,41.4,46.4,53.6,53.7,46.3
"Pullman, WA Micro Area",44.2,55.8,70.5,29.5,43,57,47.2,52.8,24.9,75.1
"Punta Gorda, FL Metro Area",81.6,18.4,90.4,9.6,65.1,34.9,66.2,33.8,72.9,27.1
"Quincy, IL-MO Micro Area",72.2,27.8,88.2,11.8,61.1,38.9,54.9,45.1,55.4,44.6
"Racine, WI Metro Area",68.1,31.9,86.9,13.1,47.1,52.9,36.5,63.5,55.7,44.3
"Raleigh-Cary, NC Metro Area",65.8,34.2,82.1,17.9,59.3,40.7,45,55,47.5,52.5
"Rapid City, SD Metro Area",70,30,86.6,13.4,65,35,48.8,51.2,54.1,45.9
"Raymondville, TX Micro Area",67,33,79.8,20.2,33,67,52.1,47.9,68.3,31.7
"Reading, PA Metro Area",71,29,88.1,11.9,66.8,33.2,47.6,52.4,55.1,44.9
"Red Bluff, CA Micro Area",66,34,77.3,22.7,63.9,36.1,48,52,57.5,42.5
"Redding, CA Metro Area",65.3,34.7,78.6,21.4,48.4,51.6,47.4,52.6,54.8,45.2
"Red Wing, MN Micro Area",75,25,91.7,8.3,83.7,16.3,59.2,40.8,53.6,46.4
"Reno, NV Metro Area",58.2,41.8,75,25,45.8,54.2,43.6,56.4,43.8,56.2
"Rexburg, ID Micro Area",52.5,47.5,54.6,45.4,69.6,30.4,65.6,34.4,39.2,60.8
"Richmond, IN Micro Area",66.8,33.2,82.4,17.6,64.3,35.7,49.1,50.9,54.4,45.6
"Richmond, VA Metro Area",66.6,33.4,84.5,15.5,56,44,48.9,51.1,51.4,48.6
"Richmond-Berea, KY Micro Area",61.9,38.1,80.4,19.6,47.7,52.3,38.1,61.9,46.9,53.1
"Rio Grande City-Roma, TX Micro Area",74.8,25.2,82,18,69.3,30.7,66.1,33.9,70.1,29.9
"Riverside-San Bernardino-Ontario, CA Metro Area",64.1,35.9,74.6,25.4,53,47,45.4,54.6,55.7,44.3
"Riverton, WY Micro Area",70,30,81,19,63.9,36.1,49.6,50.4,63.2,36.8
"Roanoke, VA Metro Area",68.9,31.1,85.1,14.9,61.8,38.2,51.5,48.5,55.6,44.4
"Roanoke Rapids, NC Micro Area",64.4,35.6,80.1,19.9,62.5,37.5,43.2,56.8,58.7,41.3
"Rochelle, IL Micro Area",71.9,28.1,87.7,12.3,52.6,47.4,51.4,48.6,55.5,44.5
"Rochester, MN Metro Area",75,25,89.9,10.1,74.4,25.6,59.4,40.6,55.1,44.9
"Rochester, NY Metro Area",67,33,87.8,12.2,62.6,37.4,48.2,51.8,49.8,50.2
"Rockford, IL Metro Area",67.9,32.1,86,14,61.9,38.1,42.8,57.2,54.9,45.1
"Rockingham, NC Micro Area",65.9,34.1,85.1,14.9,63.7,36.3,51,49,52.1,47.9
"Rockport, TX Micro Area",81.8,18.2,94.2,5.8,77.6,22.4,59.2,40.8,71.9,28.1
"Rock Springs, WY Micro Area",75.4,24.6,85.2,14.8,70.9,29.1,58.7,41.3,66,34
"Rocky Mount, NC Metro Area",63.6,36.4,82.8,17.2,43.4,56.6,41.4,58.6,55.2,44.8
"Rolla, MO Micro Area",59.8,40.2,81,19,48.4,51.6,40.4,59.6,40.6,59.4
"Rome, GA Metro Area",62.5,37.5,78.6,21.4,57.3,42.7,41.7,58.3,47.4,52.6
"Roseburg, OR Micro Area",70.1,29.9,81.6,18.4,43.4,56.6,62.4,37.6,58.4,41.6
"Roswell, NM Micro Area",68.2,31.8,81.2,18.8,62.2,37.8,55.3,44.7,57.9,42.1
"Ruidoso, NM Micro Area",75.6,24.4,90.2,9.8,38.6,61.4,57.1,42.9,62.9,37.1
"Russellville, AR Micro Area",72.1,27.9,84.6,15.4,58.3,41.7,59.8,40.2,58.7,41.3
"Ruston, LA Micro Area",51.5,48.5,83.8,16.2,31.6,68.4,29.4,70.6,37.8,62.2
"Rutland, VT Micro Area",71.5,28.5,87.7,12.3,67.1,32.9,59.4,40.6,55.7,44.3
"Sacramento-Roseville-Folsom, CA Metro Area",61.2,38.8,75.4,24.6,50.1,49.9,44.7,55.3,47.8,52.2
"Safford, AZ Micro Area",71.5,28.5,80.1,19.9,71,29,61.7,38.3,61.8,38.2
"Saginaw, MI Metro Area",71.5,28.5,91.3,8.7,62.1,37.9,48.4,51.6,58.6,41.4
"St. Cloud, MN Metro Area",68.4,31.6,86.5,13.5,62,38,51.1,48.9,48.8,51.2
"St. George, UT Metro Area",70.2,29.8,78.3,21.7,48.4,51.6,44.7,55.3,61.3,38.7
"St. Joseph, MO-KS Metro Area",66,34,81.8,18.2,71,29,45.9,54.1,52,48
"St. Louis, MO-IL Metro Area",69.3,30.7,87.3,12.7,62.5,37.5,49.5,50.5,53.6,46.4
"St. Marys, GA Micro Area",61.9,38.1,76.7,23.3,31.4,68.6,34.5,65.5,54,46
"St. Marys, PA Micro Area",78.4,21.6,94.3,5.7,83.3,16.7,62.3,37.7,62.1,37.9
"Salem, OH Micro Area",73.4,26.6,88.9,11.1,58.3,41.7,52.3,47.7,61.1,38.9
"Salem, OR Metro Area",61.7,38.3,76.2,23.8,47.1,52.9,43.5,56.5,48.4,51.6
"Salina, KS Micro Area",66.7,33.3,85.6,14.4,65,35,45.6,54.4,49.3,50.7
"Salinas, CA Metro Area",51.8,48.2,61.4,38.6,40.9,59.1,37.6,62.4,42.2,57.8
"Salisbury, MD-DE Metro Area",74.3,25.7,87.6,12.4,61.8,38.2,50.9,49.1,64.7,35.3
"Salt Lake City, UT Metro Area",68.2,31.8,81.7,18.3,57.3,42.7,58,42,49,51
"San Angelo, TX Metro Area",66,34,79.9,20.1,65.4,34.6,53.5,46.5,51.6,48.4
"San Antonio-New Braunfels, TX Metro Area",62.8,37.2,78.5,21.5,56.8,43.2,51.1,48.9,46,54
"San Diego-Chula Vista-Carlsbad, CA Metro Area",53.9,46.1,66.5,33.5,45.2,54.8,40.2,59.8,40.7,59.3
"Sandpoint, ID Micro Area",76.2,23.8,86.5,13.5,69.6,30.4,43.9,56.1,65.4,34.6
"Sandusky, OH Micro Area",69.9,30.1,87.7,12.3,69,31,45.9,54.1,55.2,44.8
"Sanford, NC Micro Area",64.8,35.2,79.9,20.1,55.9,44.1,41,59,54.9,45.1
"San Francisco-Oakland-Berkeley, CA Metro Area",55,45,69.6,30.4,49.4,50.6,45.9,54.1,38.4,61.6
"San Germán, PR Metro Area",69.7,30.3,83.1,16.9,53,47,62.1,37.9,62.6,37.4
"San Jose-Sunnyvale-Santa Clara, CA Metro Area",56.6,43.4,67.1,32.9,48.1,51.9,45.7,54.3,41,59
"San Juan-Bayamón-Caguas, PR Metro Area",67.6,32.4,82.7,17.3,60.1,39.9,54.9,45.1,61.3,38.7
"San Luis Obispo-Paso Robles, CA Metro Area",62.7,37.3,77.2,22.8,55.1,44.9,48.1,51.9,47.2,52.8
"Santa Cruz-Watsonville, CA Metro Area",60.3,39.7,74.3,25.7,47.3,52.7,44.9,55.1,48.1,51.9
"Santa Fe, NM Metro Area",71.2,28.8,82.9,17.1,59.1,40.9,62.5,37.5,62.8,37.2
"Santa Isabel, PR Micro Area",78.4,21.6,86.8,13.2,63.8,36.2,78.3,21.7,74.2,25.8
"Santa Maria-Santa Barbara, CA Metro Area",52.3,47.7,65.7,34.3,41,59,35.2,64.8,40.6,59.4
"Santa Rosa-Petaluma, CA Metro Area",61.3,38.7,73.5,26.5,44.2,55.8,50.1,49.9,50.4,49.6
"Sault Ste. Marie, MI Micro Area",69.9,30.1,86.7,13.3,60.9,39.1,51.7,48.3,57,43
"Savannah, GA Metro Area",60.2,39.8,78.1,21.9,52.5,47.5,39.4,60.6,47.9,52.1
"Sayre, PA Micro Area",72.7,27.3,86.9,13.1,74.1,25.9,55.2,44.8,56.9,43.1
"Scottsbluff, NE Micro Area",66.6,33.4,82.9,17.1,57,43,43.9,56.1,53.3,46.7
"Scottsboro, AL Micro Area",77.2,22.8,86.3,13.7,82.6,17.4,64,36,65,35
"Scottsburg, IN Micro Area",67.2,32.8,81,19,54.7,45.3,53,47,56.1,43.9
"Scranton--Wilkes-Barre, PA Metro Area",66.9,33.1,84.6,15.4,60.4,39.6,48.8,51.2,53.5,46.5
"Searcy, AR Micro Area",67.7,32.3,82.1,17.9,58.2,41.8,47.1,52.9,53.4,46.6
"Seattle-Tacoma-Bellevue, WA Metro Area",60.2,39.8,76.9,23.1,51.6,48.4,48.6,51.4,42,58
"Sebastian-Vero Beach, FL Metro Area",80,20,88.9,11.1,52.1,47.9,62.6,37.4,72.6,27.4
"Sebring-Avon Park, FL Metro Area",77,23,85.1,14.9,49,51,52.1,47.9,75.8,24.2
"Sedalia, MO Micro Area",69.1,30.9,80.1,19.9,66.8,33.2,56.1,43.9,56.4,43.6
"Selinsgrove, PA Micro Area",73.3,26.7,85.9,14.1,60.1,39.9,52.9,47.1,55.9,44.1
"Selma, AL Micro Area",56.7,43.3,86.1,13.9,58.2,41.8,39.7,60.3,41.3,58.7
"Seneca, SC Micro Area",73.2,26.8,90.2,9.8,54.6,45.4,47.7,52.3,57.4,42.6
"Seneca Falls, NY Micro Area",72.6,27.4,88.6,11.4,63.8,36.2,54.1,45.9,59.3,40.7
"Sevierville, TN Micro Area",71.1,28.9,80,20,49.9,50.1,58.6,41.4,62.4,37.6
"Seymour, IN Micro Area",70.9,29.1,86,14,63.9,36.1,45.8,54.2,55.2,44.8
"Shawano, WI Micro Area",77,23,89.5,10.5,66.9,33.1,57,43,65.9,34.1
"Shawnee, OK Micro Area",71.1,28.9,84.5,15.5,65.6,34.4,53.2,46.8,57.5,42.5
"Sheboygan, WI Metro Area",70.3,29.7,87.6,12.4,57.5,42.5,43.5,56.5,52.8,47.2
"Shelby, NC Micro Area",68.4,31.6,83.2,16.8,50.5,49.5,45.7,54.3,61,39
"Shelbyville, TN Micro Area",71,29,83.7,16.3,71.8,28.2,37,63,63.6,36.4
"Shelton, WA Micro Area",77.3,22.7,89.3,10.7,60.5,39.5,59.5,40.5,67.8,32.2
"Sheridan, WY Micro Area",67.6,32.4,85.7,14.3,63.1,36.9,61.5,38.5,47.8,52.2
"Sherman-Denison, TX Metro Area",68.2,31.8,80.8,19.2,58.4,41.6,48.1,51.9,57.1,42.9
"Show Low, AZ Micro Area",69.7,30.3,81.1,18.9,58.9,41.1,57.5,42.5,61.8,38.2
"Shreveport-Bossier City, LA Metro Area",62.9,37.1,81.7,18.3,62.7,37.3,41.5,58.5,52.3,47.7
"Sidney, OH Micro Area",70.6,29.4,86,14,51.7,48.3,32,68,58.3,41.7
"Sierra Vista-Douglas, AZ Metro Area",69.1,30.9,80.1,19.9,62,38,50.1,49.9,61.3,38.7
"Sikeston, MO Micro Area",66.2,33.8,84.2,15.8,44.7,55.3,40,60,56.2,43.8
"Silver City, NM Micro Area",66.4,33.6,87,13,52.8,47.2,40.9,59.1,55.6,44.4
"Sioux City, IA-NE-SD Metro Area",67.7,32.3,84.6,15.4,50.5,49.5,46.7,53.3,54,46
"Sioux Falls, SD Metro Area",66.2,33.8,86.2,13.8,59.4,40.6,44.8,55.2,45,55
"Snyder, TX Micro Area",78.5,21.5,86.5,13.5,85.1,14.9,63.8,36.2,68.7,31.3
"Somerset, KY Micro Area",70.4,29.6,81.9,18.1,53.9,46.1,52.5,47.5,63.2,36.8
"Somerset, PA Micro Area",79.8,20.2,90.7,9.3,78.7,21.3,53.1,46.9,68.7,31.3
"Sonora, CA Micro Area",73.6,26.4,87.4,12.6,64.3,35.7,53.3,46.7,63.4,36.6
"South Bend-Mishawaka, IN-MI Metro Area",70.2,29.8,87.7,12.3,65.1,34.9,49.7,50.3,56.1,43.9
"Spartanburg, SC Metro Area",71.3,28.7,85.3,14.7,62.4,37.7,51.5,48.5,60,40
"Spearfish, SD Micro Area",64.3,35.7,84.8,15.2,75.6,24.4,57.5,42.5,44.7,55.3
"Spencer, IA Micro Area",67.5,32.5,86.4,13.6,61.3,38.7,28.8,71.2,54.6,45.4
"Spirit Lake, IA Micro Area",77.9,22.1,92.2,7.8,89.4,10.6,69.1,30.9,61.9,38.1
"Spokane-Spokane Valley, WA Metro Area",64.4,35.6,81.7,18.3,58.3,41.7,48.9,51.1,47,53
"Springfield, IL Metro Area",70.5,29.5,89.1,10.9,64.4,35.6,48.9,51.1,58.2,41.8
"Springfield, MA Metro Area",63.9,36.1,84.9,15.1,60.5,39.5,44.1,55.9,48.5,51.5
"Springfield, MO Metro Area",62.4,37.6,80.9,19.1,46.8,53.2,42.9,57.1,44.8,55.2
"Springfield, OH Metro Area",67.1,32.9,84.6,15.4,57.3,42.7,42,58,56.6,43.4
"Starkville, MS Micro Area",54.4,45.6,81.4,18.6,48.8,51.2,48,52,34.8,65.2
"State College, PA Metro Area",62.5,37.5,85.9,14.1,66.8,33.2,56.8,43.2,37.6,62.4
"Statesboro, GA Micro Area",54.3,45.7,75.4,24.6,61.9,38.1,39,61,36.4,63.6
"Staunton, VA Metro Area",71.3,28.7,83.9,16.1,76.1,23.9,53.9,46.1,59.1,40.9
"Steamboat Springs, CO Micro Area",74.6,25.4,84.9,15.1,61.2,38.8,77.8,22.2,60.2,39.8
"Stephenville, TX Micro Area",64.9,35.1,82.4,17.6,43,57,57.7,42.3,41.9,58.1
"Sterling, CO Micro Area",66.5,33.5,84.7,15.3,48,52,66.5,33.5,47.2,52.8
"Sterling, IL Micro Area",74.3,25.7,89,11,72.4,27.6,54.9,45.1,61.5,38.5
"Stevens Point, WI Micro Area",68.9,31.1,91.3,8.7,51.2,48.8,62.9,37.1,45.1,54.9
"Stillwater, OK Micro Area",51.7,48.3,75.5,24.5,55.9,44.1,44.8,55.2,31.6,68.4
"Stockton, CA Metro Area",57.7,42.3,68.9,31.1,43.9,56.1,38.5,61.5,50.3,49.7
"Storm Lake, IA Micro Area",64.5,35.5,82.3,17.7,39.7,60.3,48.3,51.7,49.1,50.9
"Sturgis, MI Micro Area",74.1,25.9,85.6,14.4,65.2,34.8,56.5,43.5,64,36
"Sulphur Springs, TX Micro Area",69.2,30.8,80.2,19.8,50.3,49.7,54.1,45.9,57.6,42.4
"Summerville, GA Micro Area",68.8,31.2,81.9,18.1,50.3,49.7,50.7,49.3,59.9,40.1
"Sumter, SC Metro Area",67.5,32.5,82.2,17.8,51.8,48.2,53.5,46.5,58.9,41.1
"Sunbury, PA Micro Area",71.2,28.8,87,13,57.4,42.6,48.8,51.2,58.9,41.1
"Susanville, CA Micro Area",68.6,31.4,78.9,21.1,72.8,27.2,48.6,51.4,59.2,40.8
"Sweetwater, TX Micro Area",67.9,32.1,78.9,21.1,44.9,55.1,51.3,48.7,61.7,38.3
"Syracuse, NY Metro Area",67.8,32.2,87.6,12.4,61.1,38.9,47.6,52.4,52.1,47.9
"Tahlequah, OK Micro Area",67.3,32.7,82.7,17.3,58.2,41.8,58.5,41.5,51.3,48.7
"Talladega-Sylacauga, AL Micro Area",71.5,28.5,87.4,12.6,74.7,25.3,48.5,51.5,61.5,38.5
"Tallahassee, FL Metro Area",58.2,41.8,82.5,17.5,52.3,47.7,44.1,55.9,41.3,58.7
"Tampa-St. Petersburg-Clearwater, FL Metro Area",65.8,34.2,80.2,19.8,55.1,44.9,49.2,50.8,55.5,44.5
"Taos, NM Micro Area",76.9,23.1,89.3,10.7,76.4,23.6,63,37,71.3,28.7
"Taylorville, IL Micro Area",73.9,26.1,87.2,12.8,67.5,32.5,52.1,47.9,65,35
"Terre Haute, IN Metro Area",69.2,30.8,86,14,58.2,41.8,50.3,49.7,55.3,44.7
"Texarkana, TX-AR Metro Area",65.8,34.2,83.4,16.6,50.3,49.7,40.6,59.4,56.7,43.3
"The Dalles, OR Micro Area",64.3,35.7,77.5,22.5,49.6,50.4,49.6,50.4,54.6,45.4
"The Villages, FL Metro Area",88.6,11.4,94.9,5.1,74.2,25.8,57.2,42.8,82.3,17.7
"Thomaston, GA Micro Area",65.2,34.8,84.2,15.8,26.9,73.1,38.5,61.5,60.2,39.8
"Thomasville, GA Micro Area",62.3,37.7,84.7,15.3,32.7,67.3,35.4,64.6,50.4,49.6
"Tiffin, OH Micro Area",73.3,26.7,88.6,11.4,64.9,35.1,46.6,53.4,62.4,37.6
"Tifton, GA Micro Area",61.6,38.4,81.7,18.3,50.2,49.8,44,56,45.3,54.7
"Toccoa, GA Micro Area",72.9,27.1,86.7,13.3,81.7,18.3,49,51,58.9,41.1
"Toledo, OH Metro Area",63.5,36.5,85.7,14.3,55.3,44.7,41.9,58.1,48.8,51.2
"Topeka, KS Metro Area",69.4,30.6,84.3,15.7,60.2,39.8,53.4,46.6,54.9,45.1
"Torrington, CT Micro Area",76.1,23.9,90.7,9.3,64.5,35.5,64.6,35.4,59,41
"Traverse City, MI Micro Area",81,19,91.6,8.4,78.9,21.1,65.2,34.8,69,31
"Trenton-Princeton, NJ Metro Area",63.5,36.5,79.7,20.3,61.2,38.8,47.8,52.2,46.3,53.7
"Troy, AL Micro Area",63.5,36.5,87.7,12.3,91.6,8.4,45.3,54.7,48.5,51.5
"Truckee-Grass Valley, CA Micro Area",74.8,25.2,87.5,12.5,56.4,43.6,58.9,41.1,62.6,37.4
"Tucson, AZ Metro Area",64,36,82.2,17.8,54,46,50.2,49.8,49.7,50.3
"Tullahoma-Manchester, TN Micro Area",70.5,29.5,85,15,54.8,45.2,56.8,43.2,54.8,45.2
"Tulsa, OK Metro Area",65.3,34.7,81.8,18.2,57.2,42.8,44.4,55.6,50.7,49.3
"Tupelo, MS Micro Area",72.4,27.6,86.2,13.8,64.9,35.1,52.7,47.3,60.3,39.7
"Tuscaloosa, AL Metro Area",65,35,85.2,14.8,59.5,40.5,48.6,51.4,47.2,52.8
"Twin Falls, ID Metro Area",69.3,30.7,81.5,18.5,56.2,43.8,54.4,45.6,53.5,46.5
"Tyler, TX Metro Area",67.2,32.8,80.9,19.1,58.4,41.6,47.6,52.4,52,48
"Ukiah, CA Micro Area",60.3,39.7,71.9,28.1,42.5,57.5,40.9,59.1,56.6,43.4
"Union, SC Micro Area",66.8,33.2,82.5,17.5,47.5,52.5,42.8,57.2,60.5,39.5
"Union City, TN Micro Area",64.2,35.8,82.8,17.2,26.2,73.8,43.5,56.5,51.8,48.2
"Urbana, OH Micro Area",73.1,26.9,85.7,14.3,68,32,45.9,54.1,61.5,38.5
"Urban Honolulu, HI Metro Area",57.5,42.5,64.8,35.2,58,42,54.8,45.2,46.2,53.8
"Utica-Rome, NY Metro Area",69.9,30.1,86.7,13.3,64,36,51.8,48.2,55.7,44.3
"Uvalde, TX Micro Area",69.3,30.7,87.1,12.9,50.5,49.5,50.2,49.8,57.1,42.9
"Valdosta, GA Metro Area",55.8,44.2,72.7,27.3,49.4,50.6,36.8,63.2,44.1,55.9
"Vallejo, CA Metro Area",62.1,37.9,73.8,26.2,50.6,49.4,43.1,56.9,52.3,47.7
"Van Wert, OH Micro Area",77.7,22.3,89.8,10.2,52.5,47.5,54.8,45.2,67.6,32.4
"Vermillion, SD Micro Area",53.8,46.2,84.2,15.8,36.8,63.2,34.1,65.9,32.9,67.1
"Vernal, UT Micro Area",76.7,23.3,85.6,14.4,46.6,53.4,57.7,42.3,68.3,31.7
"Vernon, TX Micro Area",59.4,40.6,68.1,31.9,91,9,41.2,58.8,53.5,46.5
"Vicksburg, MS Micro Area",65.9,34.1,87,13,54.2,45.8,41.7,58.3,55.8,44.2
"Victoria, TX Metro Area",68.3,31.7,82.6,17.4,50.5,49.5,50.1,49.9,56,44
"Vidalia, GA Micro Area",65.7,34.3,80.8,19.2,54,46,41.1,58.9,56.2,43.8
"Vincennes, IN Micro Area",62.9,37.1,80.9,19.1,41.6,58.4,35.5,64.5,51.4,48.6
"Vineland-Bridgeton, NJ Metro Area",66.3,33.7,84.6,15.4,48.8,51.2,46.3,53.7,57.1,42.9
"Vineyard Haven, MA Micro Area",72.5,27.5,83,17,73.1,26.9,54.6,45.4,64,36
"Virginia Beach-Norfolk-Newport News, VA-NC Metro Area",62.3,37.7,78.8,21.2,52.5,47.5,41.5,58.5,49.5,50.5
"Visalia, CA Metro Area",57.1,42.9,67.2,32.8,45.1,54.9,37.6,62.4,52.5,47.5
"Wabash, IN Micro Area",76,24,88.5,11.5,63.4,36.6,60.1,39.9,62.1,37.9
"Waco, TX Metro Area",60.2,39.8,79.2,20.8,55.6,44.4,45.6,54.4,42.2,57.8
"Wahpeton, ND-MN Micro Area",73,27,93,7,56,44,55.9,44.1,53.9,46.1
"Walla Walla, WA Metro Area",64,36,81.3,18.7,49.1,50.9,53.1,46.9,43.5,56.5
"Wapakoneta, OH Micro Area",75.9,24.1,89.4,10.6,59,41,48,52,63.1,36.9
"Warner Robins, GA Metro Area",66,34,81.9,18.1,51,49,43.5,56.5,53.4,46.6
"Warren, PA Micro Area",77.6,22.4,91,9,66.2,33.8,68.1,31.9,61.7,38.3
"Warrensburg, MO Micro Area",62.4,37.6,78.4,21.6,56.6,43.4,43.6,56.4,45.6,54.4
"Warsaw, IN Micro Area",74.7,25.3,88.4,11.6,56,44,54.3,45.7,62.6,37.4
"Washington, IN Micro Area",70.3,29.7,88.7,11.3,73.9,26.1,39.4,60.6,44.5,55.5
"Washington, NC Micro Area",72.2,27.8,87.4,12.6,59.6,40.4,51.6,48.4,61.1,38.9
"Washington-Arlington-Alexandria, DC-VA-MD-WV Metro Area",63.9,36.1,78.9,21.1,55.2,44.8,50.9,49.1,48,52
"Washington Court House, OH Micro Area",64.7,35.3,79.5,20.5,55,45,43.6,56.4,53.9,46.1
"Waterloo-Cedar Falls, IA Metro Area",69.3,30.7,88.2,11.8,54.8,45.2,46.7,53.3,53.4,46.6
"Watertown, SD Micro Area",68,32,88.2,11.8,74.4,25.6,39.9,60.1,46.7,53.3
"Watertown-Fort Atkinson, WI Micro Area",71.2,28.8,85.5,14.5,51.3,48.7,45.5,54.5,58.2,41.8
"Watertown-Fort Drum, NY Metro Area",55.7,44.3,67.5,32.5,56.5,43.5,39.9,60.1,43,57
"Wauchula, FL Micro Area",67,33,74.9,25.1,58.4,41.6,48,52,62.1,37.9
"Wausau-Weston, WI Metro Area",72.3,27.7,87.5,12.5,59,41,53.7,46.3,54.7,45.3
"Waycross, GA Micro Area",67.9,32.1,87.6,12.4,74.5,25.5,42.5,57.5,54.4,45.6
"Weatherford, OK Micro Area",64.1,35.9,84.4,15.6,40.9,59.1,46.6,53.4,47.6,52.4
"Weirton-Steubenville, WV-OH Metro Area",71,29,87.9,12.1,72.7,27.3,48.3,51.7,57.6,42.4
"Wenatchee, WA Metro Area",65.1,34.9,78.5,21.5,49.5,50.5,47.7,52.3,51.2,48.8
"West Plains, MO Micro Area",68.2,31.8,82.4,17.6,48.4,51.6,55.8,44.2,52.3,47.7
"West Point, MS Micro Area",70.1,29.9,87.1,12.9,86.6,13.4,39.1,60.9,64.2,35.8
"Wheeling, WV-OH Metro Area",74.5,25.5,88.9,11.1,68.3,31.7,60.2,39.8,61.4,38.6
"Whitewater, WI Micro Area",68.7,31.3,84.1,15.9,62.5,37.5,52.9,47.1,50.7,49.3
"Wichita, KS Metro Area",64.3,35.7,82.5,17.5,56.5,43.5,44.1,55.9,46.9,53.1
"Wichita Falls, TX Metro Area",63.9,36.1,80.3,19.7,63.1,36.9,43.5,56.5,49.6,50.4
"Williamsport, PA Metro Area",68.6,31.4,86.9,13.1,52.9,47.1,42.5,57.5,53.3,46.7
"Williston, ND Micro Area",53,47,64.9,35.1,45.3,54.7,67.2,32.8,38.7,61.3
"Willmar, MN Micro Area",73.8,26.2,87.2,12.8,77,23,51,49,58,42
"Wilmington, NC Metro Area",62.6,37.4,82.4,17.6,49.3,50.7,48,52,46.3,53.7
"Wilmington, OH Micro Area",67,33,80.3,19.7,56.2,43.8,44.2,55.8,56.4,43.6
"Wilson, NC Micro Area",60.4,39.6,78.5,21.5,42.4,57.6,37.1,62.9,51.1,48.9
"Winchester, VA-WV Metro Area",71.4,28.6,84,16,63.2,36.8,57.6,42.4,57.2,42.8
"Winfield, KS Micro Area",68.4,31.6,83.6,16.4,66.4,33.6,49.4,50.6,54.9,45.1
"Winnemucca, NV Micro Area",68.8,31.2,86.1,13.9,43.1,56.9,39.7,60.3,51.6,48.4
"Winona, MN Micro Area",72,28,94.5,5.5,68.1,31.9,62.7,37.3,49.2,50.8
"Winston-Salem, NC Metro Area",67.9,32.1,83.4,16.6,59.7,40.3,46.2,53.8,55.2,44.8
"Wisconsin Rapids-Marshfield, WI Micro Area",71.4,28.6,88.3,11.7,70.4,29.6,45.7,54.3,57.2,42.8
"Woodward, OK Micro Area",71.4,28.6,87.4,12.6,46.1,53.9,35.3,64.7,62.7,37.3
"Wooster, OH Micro Area",74.4,25.6,87.6,12.4,58.3,41.7,55.3,44.7,58.4,41.6
"Worcester, MA-CT Metro Area",66,34,84.5,15.5,60.1,39.9,46.2,53.8,47.6,52.4
"Worthington, MN Micro Area",72.3,27.7,87,13,54,46,49.4,50.6,60.8,39.2
"Yakima, WA Metro Area",62.3,37.7,77.1,22.9,49.1,50.9,43.2,56.8,49.3,50.7
"Yankton, SD Micro Area",69.4,30.6,86.7,13.3,68.9,31.1,38.9,61.1,51.6,48.4
"Yauco, PR Metro Area",72.6,27.4,84.5,15.5,65.6,34.4,59,41,69.8,30.2
"York-Hanover, PA Metro Area",74.8,25.2,88.6,11.4,68.5,31.5,52.6,47.4,60.7,39.3
"Youngstown-Warren-Boardman, OH-PA Metro Area",70.3,29.7,87.7,12.3,63.8,36.2,49.4,50.6,59,41
"Yuba City, CA Metro Area",59.9,40.1,70,30,50.3,49.7,43.9,56.1,51.5,48.5
"Yuma, AZ Metro Area",68.6,31.4,76.6,23.4,63.3,36.7,50.5,49.5,63.6,36.4
"Zanesville, OH Micro Area",69.8,30.2,86.4,13.6,71.9,28.1,45.8,54.2,57.5,42.5
"Zapata, TX Micro Area",70.1,29.9,81.7,18.3,95.9,4.1,62.4,37.6,50,50
United States,64.4,35.6,80.2,19.8,55.2,44.8,47.1,52.9,49.9,50.1
